State,Year,HC_LAW_SO,HC_LAW_GI,LAW_LEVEL,SO_ADOPT_YEAR,GI_ADOPT_YEAR,Confidence,Notes
Alabama,1991,0,0,0,,,HIGH,No state hate crime law covering SO or GI
Alabama,1992,0,0,0,,,HIGH,No state hate crime law covering SO or GI
Alabama,1993,0,0,0,,,HIGH,No state hate crime law covering SO or GI
Alabama,1994,0,0,0,,,HIGH,No state hate crime law covering SO or GI
Alabama,1995,0,0,0,,,HIGH,No state hate crime law covering SO or GI
Alabama,1996,0,0,0,,,HIGH,No state hate crime law covering SO or GI
Alabama,1997,0,0,0,,,HIGH,No state hate crime law covering SO or GI
Alabama,1998,0,0,0,,,HIGH,No state hate crime law covering SO or GI
Alabama,1999,0,0,0,,,HIGH,No state hate crime law covering SO or GI
Alabama,2000,0,0,0,,,HIGH,No state hate crime law covering SO or GI
Alabama,2001,0,0,0,,,HIGH,No state hate crime law covering SO or GI
Alabama,2002,0,0,0,,,HIGH,No state hate crime law covering SO or GI
Alabama,2003,0,0,0,,,HIGH,No state hate crime law covering SO or GI
Alabama,2004,0,0,0,,,HIGH,No state hate crime law covering SO or GI
Alabama,2005,0,0,0,,,HIGH,No state hate crime law covering SO or GI
Alabama,2006,0,0,0,,,HIGH,No state hate crime law covering SO or GI
Alabama,2007,0,0,0,,,HIGH,No state hate crime law covering SO or GI
Alabama,2008,0,0,0,,,HIGH,No state hate crime law covering SO or GI
Alabama,2009,0,0,0,,,HIGH,No state hate crime law covering SO or GI
Alabama,2010,0,0,0,,,HIGH,No state hate crime law covering SO or GI
Alabama,2011,0,0,0,,,HIGH,No state hate crime law covering SO or GI
Alabama,2012,0,0,0,,,HIGH,No state hate crime law covering SO or GI
Alabama,2013,0,0,0,,,HIGH,No state hate crime law covering SO or GI
Alabama,2014,0,0,0,,,HIGH,No state hate crime law covering SO or GI
Alabama,2015,0,0,0,,,HIGH,No state hate crime law covering SO or GI
Alabama,2016,0,0,0,,,HIGH,No state hate crime law covering SO or GI
Alabama,2017,0,0,0,,,HIGH,No state hate crime law covering SO or GI
Alabama,2018,0,0,0,,,HIGH,No state hate crime law covering SO or GI
Alabama,2019,0,0,0,,,HIGH,No state hate crime law covering SO or GI
Alabama,2020,0,0,0,,,HIGH,No state hate crime law covering SO or GI
Alabama,2021,0,0,0,,,HIGH,No state hate crime law covering SO or GI
Alabama,2022,0,0,0,,,HIGH,No state hate crime law covering SO or GI
Alabama,2023,0,0,0,,,HIGH,No state hate crime law covering SO or GI
Alabama,2024,0,0,0,,,HIGH,No state hate crime law covering SO or GI
Alaska,1991,0,0,0,2009,,MEDIUM,SO covered from 2009; GI not covered as of 2024
Alaska,1992,0,0,0,2009,,MEDIUM,SO covered from 2009; GI not covered as of 2024
Alaska,1993,0,0,0,2009,,MEDIUM,SO covered from 2009; GI not covered as of 2024
Alaska,1994,0,0,0,2009,,MEDIUM,SO covered from 2009; GI not covered as of 2024
Alaska,1995,0,0,0,2009,,MEDIUM,SO covered from 2009; GI not covered as of 2024
Alaska,1996,0,0,0,2009,,MEDIUM,SO covered from 2009; GI not covered as of 2024
Alaska,1997,0,0,0,2009,,MEDIUM,SO covered from 2009; GI not covered as of 2024
Alaska,1998,0,0,0,2009,,MEDIUM,SO covered from 2009; GI not covered as of 2024
Alaska,1999,0,0,0,2009,,MEDIUM,SO covered from 2009; GI not covered as of 2024
Alaska,2000,0,0,0,2009,,MEDIUM,SO covered from 2009; GI not covered as of 2024
Alaska,2001,0,0,0,2009,,MEDIUM,SO covered from 2009; GI not covered as of 2024
Alaska,2002,0,0,0,2009,,MEDIUM,SO covered from 2009; GI not covered as of 2024
Alaska,2003,0,0,0,2009,,MEDIUM,SO covered from 2009; GI not covered as of 2024
Alaska,2004,0,0,0,2009,,MEDIUM,SO covered from 2009; GI not covered as of 2024
Alaska,2005,0,0,0,2009,,MEDIUM,SO covered from 2009; GI not covered as of 2024
Alaska,2006,0,0,0,2009,,MEDIUM,SO covered from 2009; GI not covered as of 2024
Alaska,2007,0,0,0,2009,,MEDIUM,SO covered from 2009; GI not covered as of 2024
Alaska,2008,0,0,0,2009,,MEDIUM,SO covered from 2009; GI not covered as of 2024
Alaska,2009,1,0,1,2009,,MEDIUM,SO covered from 2009; GI not covered as of 2024
Alaska,2010,1,0,1,2009,,MEDIUM,SO covered from 2009; GI not covered as of 2024
Alaska,2011,1,0,1,2009,,MEDIUM,SO covered from 2009; GI not covered as of 2024
Alaska,2012,1,0,1,2009,,MEDIUM,SO covered from 2009; GI not covered as of 2024
Alaska,2013,1,0,1,2009,,MEDIUM,SO covered from 2009; GI not covered as of 2024
Alaska,2014,1,0,1,2009,,MEDIUM,SO covered from 2009; GI not covered as of 2024
Alaska,2015,1,0,1,2009,,MEDIUM,SO covered from 2009; GI not covered as of 2024
Alaska,2016,1,0,1,2009,,MEDIUM,SO covered from 2009; GI not covered as of 2024
Alaska,2017,1,0,1,2009,,MEDIUM,SO covered from 2009; GI not covered as of 2024
Alaska,2018,1,0,1,2009,,MEDIUM,SO covered from 2009; GI not covered as of 2024
Alaska,2019,1,0,1,2009,,MEDIUM,SO covered from 2009; GI not covered as of 2024
Alaska,2020,1,0,1,2009,,MEDIUM,SO covered from 2009; GI not covered as of 2024
Alaska,2021,1,0,1,2009,,MEDIUM,SO covered from 2009; GI not covered as of 2024
Alaska,2022,1,0,1,2009,,MEDIUM,SO covered from 2009; GI not covered as of 2024
Alaska,2023,1,0,1,2009,,MEDIUM,SO covered from 2009; GI not covered as of 2024
Alaska,2024,1,0,1,2009,,MEDIUM,SO covered from 2009; GI not covered as of 2024
Arizona,1991,0,0,0,1997,,MEDIUM,SO covered from 1997; GI not covered as of 2024
Arizona,1992,0,0,0,1997,,MEDIUM,SO covered from 1997; GI not covered as of 2024
Arizona,1993,0,0,0,1997,,MEDIUM,SO covered from 1997; GI not covered as of 2024
Arizona,1994,0,0,0,1997,,MEDIUM,SO covered from 1997; GI not covered as of 2024
Arizona,1995,0,0,0,1997,,MEDIUM,SO covered from 1997; GI not covered as of 2024
Arizona,1996,0,0,0,1997,,MEDIUM,SO covered from 1997; GI not covered as of 2024
Arizona,1997,1,0,1,1997,,MEDIUM,SO covered from 1997; GI not covered as of 2024
Arizona,1998,1,0,1,1997,,MEDIUM,SO covered from 1997; GI not covered as of 2024
Arizona,1999,1,0,1,1997,,MEDIUM,SO covered from 1997; GI not covered as of 2024
Arizona,2000,1,0,1,1997,,MEDIUM,SO covered from 1997; GI not covered as of 2024
Arizona,2001,1,0,1,1997,,MEDIUM,SO covered from 1997; GI not covered as of 2024
Arizona,2002,1,0,1,1997,,MEDIUM,SO covered from 1997; GI not covered as of 2024
Arizona,2003,1,0,1,1997,,MEDIUM,SO covered from 1997; GI not covered as of 2024
Arizona,2004,1,0,1,1997,,MEDIUM,SO covered from 1997; GI not covered as of 2024
Arizona,2005,1,0,1,1997,,MEDIUM,SO covered from 1997; GI not covered as of 2024
Arizona,2006,1,0,1,1997,,MEDIUM,SO covered from 1997; GI not covered as of 2024
Arizona,2007,1,0,1,1997,,MEDIUM,SO covered from 1997; GI not covered as of 2024
Arizona,2008,1,0,1,1997,,MEDIUM,SO covered from 1997; GI not covered as of 2024
Arizona,2009,1,0,1,1997,,MEDIUM,SO covered from 1997; GI not covered as of 2024
Arizona,2010,1,0,1,1997,,MEDIUM,SO covered from 1997; GI not covered as of 2024
Arizona,2011,1,0,1,1997,,MEDIUM,SO covered from 1997; GI not covered as of 2024
Arizona,2012,1,0,1,1997,,MEDIUM,SO covered from 1997; GI not covered as of 2024
Arizona,2013,1,0,1,1997,,MEDIUM,SO covered from 1997; GI not covered as of 2024
Arizona,2014,1,0,1,1997,,MEDIUM,SO covered from 1997; GI not covered as of 2024
Arizona,2015,1,0,1,1997,,MEDIUM,SO covered from 1997; GI not covered as of 2024
Arizona,2016,1,0,1,1997,,MEDIUM,SO covered from 1997; GI not covered as of 2024
Arizona,2017,1,0,1,1997,,MEDIUM,SO covered from 1997; GI not covered as of 2024
Arizona,2018,1,0,1,1997,,MEDIUM,SO covered from 1997; GI not covered as of 2024
Arizona,2019,1,0,1,1997,,MEDIUM,SO covered from 1997; GI not covered as of 2024
Arizona,2020,1,0,1,1997,,MEDIUM,SO covered from 1997; GI not covered as of 2024
Arizona,2021,1,0,1,1997,,MEDIUM,SO covered from 1997; GI not covered as of 2024
Arizona,2022,1,0,1,1997,,MEDIUM,SO covered from 1997; GI not covered as of 2024
Arizona,2023,1,0,1,1997,,MEDIUM,SO covered from 1997; GI not covered as of 2024
Arizona,2024,1,0,1,1997,,MEDIUM,SO covered from 1997; GI not covered as of 2024
Arkansas,1991,0,0,0,,,HIGH,No state hate crime law covering SO or GI
Arkansas,1992,0,0,0,,,HIGH,No state hate crime law covering SO or GI
Arkansas,1993,0,0,0,,,HIGH,No state hate crime law covering SO or GI
Arkansas,1994,0,0,0,,,HIGH,No state hate crime law covering SO or GI
Arkansas,1995,0,0,0,,,HIGH,No state hate crime law covering SO or GI
Arkansas,1996,0,0,0,,,HIGH,No state hate crime law covering SO or GI
Arkansas,1997,0,0,0,,,HIGH,No state hate crime law covering SO or GI
Arkansas,1998,0,0,0,,,HIGH,No state hate crime law covering SO or GI
Arkansas,1999,0,0,0,,,HIGH,No state hate crime law covering SO or GI
Arkansas,2000,0,0,0,,,HIGH,No state hate crime law covering SO or GI
Arkansas,2001,0,0,0,,,HIGH,No state hate crime law covering SO or GI
Arkansas,2002,0,0,0,,,HIGH,No state hate crime law covering SO or GI
Arkansas,2003,0,0,0,,,HIGH,No state hate crime law covering SO or GI
Arkansas,2004,0,0,0,,,HIGH,No state hate crime law covering SO or GI
Arkansas,2005,0,0,0,,,HIGH,No state hate crime law covering SO or GI
Arkansas,2006,0,0,0,,,HIGH,No state hate crime law covering SO or GI
Arkansas,2007,0,0,0,,,HIGH,No state hate crime law covering SO or GI
Arkansas,2008,0,0,0,,,HIGH,No state hate crime law covering SO or GI
Arkansas,2009,0,0,0,,,HIGH,No state hate crime law covering SO or GI
Arkansas,2010,0,0,0,,,HIGH,No state hate crime law covering SO or GI
Arkansas,2011,0,0,0,,,HIGH,No state hate crime law covering SO or GI
Arkansas,2012,0,0,0,,,HIGH,No state hate crime law covering SO or GI
Arkansas,2013,0,0,0,,,HIGH,No state hate crime law covering SO or GI
Arkansas,2014,0,0,0,,,HIGH,No state hate crime law covering SO or GI
Arkansas,2015,0,0,0,,,HIGH,No state hate crime law covering SO or GI
Arkansas,2016,0,0,0,,,HIGH,No state hate crime law covering SO or GI
Arkansas,2017,0,0,0,,,HIGH,No state hate crime law covering SO or GI
Arkansas,2018,0,0,0,,,HIGH,No state hate crime law covering SO or GI
Arkansas,2019,0,0,0,,,HIGH,No state hate crime law covering SO or GI
Arkansas,2020,0,0,0,,,HIGH,No state hate crime law covering SO or GI
Arkansas,2021,0,0,0,,,HIGH,No state hate crime law covering SO or GI
Arkansas,2022,0,0,0,,,HIGH,No state hate crime law covering SO or GI
Arkansas,2023,0,0,0,,,HIGH,No state hate crime law covering SO or GI
Arkansas,2024,0,0,0,,,HIGH,No state hate crime law covering SO or GI
California,1991,1,0,1,1984,2003,HIGH,SO covered from 1984; GI covered from 2003
California,1992,1,0,1,1984,2003,HIGH,SO covered from 1984; GI covered from 2003
California,1993,1,0,1,1984,2003,HIGH,SO covered from 1984; GI covered from 2003
California,1994,1,0,1,1984,2003,HIGH,SO covered from 1984; GI covered from 2003
California,1995,1,0,1,1984,2003,HIGH,SO covered from 1984; GI covered from 2003
California,1996,1,0,1,1984,2003,HIGH,SO covered from 1984; GI covered from 2003
California,1997,1,0,1,1984,2003,HIGH,SO covered from 1984; GI covered from 2003
California,1998,1,0,1,1984,2003,HIGH,SO covered from 1984; GI covered from 2003
California,1999,1,0,1,1984,2003,HIGH,SO covered from 1984; GI covered from 2003
California,2000,1,0,1,1984,2003,HIGH,SO covered from 1984; GI covered from 2003
California,2001,1,0,1,1984,2003,HIGH,SO covered from 1984; GI covered from 2003
California,2002,1,0,1,1984,2003,HIGH,SO covered from 1984; GI covered from 2003
California,2003,1,1,2,1984,2003,HIGH,SO covered from 1984; GI covered from 2003
California,2004,1,1,2,1984,2003,HIGH,SO covered from 1984; GI covered from 2003
California,2005,1,1,2,1984,2003,HIGH,SO covered from 1984; GI covered from 2003
California,2006,1,1,2,1984,2003,HIGH,SO covered from 1984; GI covered from 2003
California,2007,1,1,2,1984,2003,HIGH,SO covered from 1984; GI covered from 2003
California,2008,1,1,2,1984,2003,HIGH,SO covered from 1984; GI covered from 2003
California,2009,1,1,2,1984,2003,HIGH,SO covered from 1984; GI covered from 2003
California,2010,1,1,2,1984,2003,HIGH,SO covered from 1984; GI covered from 2003
California,2011,1,1,2,1984,2003,HIGH,SO covered from 1984; GI covered from 2003
California,2012,1,1,2,1984,2003,HIGH,SO covered from 1984; GI covered from 2003
California,2013,1,1,2,1984,2003,HIGH,SO covered from 1984; GI covered from 2003
California,2014,1,1,2,1984,2003,HIGH,SO covered from 1984; GI covered from 2003
California,2015,1,1,2,1984,2003,HIGH,SO covered from 1984; GI covered from 2003
California,2016,1,1,2,1984,2003,HIGH,SO covered from 1984; GI covered from 2003
California,2017,1,1,2,1984,2003,HIGH,SO covered from 1984; GI covered from 2003
California,2018,1,1,2,1984,2003,HIGH,SO covered from 1984; GI covered from 2003
California,2019,1,1,2,1984,2003,HIGH,SO covered from 1984; GI covered from 2003
California,2020,1,1,2,1984,2003,HIGH,SO covered from 1984; GI covered from 2003
California,2021,1,1,2,1984,2003,HIGH,SO covered from 1984; GI covered from 2003
California,2022,1,1,2,1984,2003,HIGH,SO covered from 1984; GI covered from 2003
California,2023,1,1,2,1984,2003,HIGH,SO covered from 1984; GI covered from 2003
California,2024,1,1,2,1984,2003,HIGH,SO covered from 1984; GI covered from 2003
Colorado,1991,0,0,0,2005,,MEDIUM,SO covered from 2005; GI not covered as of 2024
Colorado,1992,0,0,0,2005,,MEDIUM,SO covered from 2005; GI not covered as of 2024
Colorado,1993,0,0,0,2005,,MEDIUM,SO covered from 2005; GI not covered as of 2024
Colorado,1994,0,0,0,2005,,MEDIUM,SO covered from 2005; GI not covered as of 2024
Colorado,1995,0,0,0,2005,,MEDIUM,SO covered from 2005; GI not covered as of 2024
Colorado,1996,0,0,0,2005,,MEDIUM,SO covered from 2005; GI not covered as of 2024
Colorado,1997,0,0,0,2005,,MEDIUM,SO covered from 2005; GI not covered as of 2024
Colorado,1998,0,0,0,2005,,MEDIUM,SO covered from 2005; GI not covered as of 2024
Colorado,1999,0,0,0,2005,,MEDIUM,SO covered from 2005; GI not covered as of 2024
Colorado,2000,0,0,0,2005,,MEDIUM,SO covered from 2005; GI not covered as of 2024
Colorado,2001,0,0,0,2005,,MEDIUM,SO covered from 2005; GI not covered as of 2024
Colorado,2002,0,0,0,2005,,MEDIUM,SO covered from 2005; GI not covered as of 2024
Colorado,2003,0,0,0,2005,,MEDIUM,SO covered from 2005; GI not covered as of 2024
Colorado,2004,0,0,0,2005,,MEDIUM,SO covered from 2005; GI not covered as of 2024
Colorado,2005,1,0,1,2005,,MEDIUM,SO covered from 2005; GI not covered as of 2024
Colorado,2006,1,0,1,2005,,MEDIUM,SO covered from 2005; GI not covered as of 2024
Colorado,2007,1,0,1,2005,,MEDIUM,SO covered from 2005; GI not covered as of 2024
Colorado,2008,1,0,1,2005,,MEDIUM,SO covered from 2005; GI not covered as of 2024
Colorado,2009,1,0,1,2005,,MEDIUM,SO covered from 2005; GI not covered as of 2024
Colorado,2010,1,0,1,2005,,MEDIUM,SO covered from 2005; GI not covered as of 2024
Colorado,2011,1,0,1,2005,,MEDIUM,SO covered from 2005; GI not covered as of 2024
Colorado,2012,1,0,1,2005,,MEDIUM,SO covered from 2005; GI not covered as of 2024
Colorado,2013,1,0,1,2005,,MEDIUM,SO covered from 2005; GI not covered as of 2024
Colorado,2014,1,0,1,2005,,MEDIUM,SO covered from 2005; GI not covered as of 2024
Colorado,2015,1,0,1,2005,,MEDIUM,SO covered from 2005; GI not covered as of 2024
Colorado,2016,1,0,1,2005,,MEDIUM,SO covered from 2005; GI not covered as of 2024
Colorado,2017,1,0,1,2005,,MEDIUM,SO covered from 2005; GI not covered as of 2024
Colorado,2018,1,0,1,2005,,MEDIUM,SO covered from 2005; GI not covered as of 2024
Colorado,2019,1,0,1,2005,,MEDIUM,SO covered from 2005; GI not covered as of 2024
Colorado,2020,1,0,1,2005,,MEDIUM,SO covered from 2005; GI not covered as of 2024
Colorado,2021,1,0,1,2005,,MEDIUM,SO covered from 2005; GI not covered as of 2024
Colorado,2022,1,0,1,2005,,MEDIUM,SO covered from 2005; GI not covered as of 2024
Colorado,2023,1,0,1,2005,,MEDIUM,SO covered from 2005; GI not covered as of 2024
Colorado,2024,1,0,1,2005,,MEDIUM,SO covered from 2005; GI not covered as of 2024
Connecticut,1991,1,0,1,1990,,HIGH,SO covered from 1990; GI not covered as of 2024
Connecticut,1992,1,0,1,1990,,HIGH,SO covered from 1990; GI not covered as of 2024
Connecticut,1993,1,0,1,1990,,HIGH,SO covered from 1990; GI not covered as of 2024
Connecticut,1994,1,0,1,1990,,HIGH,SO covered from 1990; GI not covered as of 2024
Connecticut,1995,1,0,1,1990,,HIGH,SO covered from 1990; GI not covered as of 2024
Connecticut,1996,1,0,1,1990,,HIGH,SO covered from 1990; GI not covered as of 2024
Connecticut,1997,1,0,1,1990,,HIGH,SO covered from 1990; GI not covered as of 2024
Connecticut,1998,1,0,1,1990,,HIGH,SO covered from 1990; GI not covered as of 2024
Connecticut,1999,1,0,1,1990,,HIGH,SO covered from 1990; GI not covered as of 2024
Connecticut,2000,1,0,1,1990,,HIGH,SO covered from 1990; GI not covered as of 2024
Connecticut,2001,1,0,1,1990,,HIGH,SO covered from 1990; GI not covered as of 2024
Connecticut,2002,1,0,1,1990,,HIGH,SO covered from 1990; GI not covered as of 2024
Connecticut,2003,1,0,1,1990,,HIGH,SO covered from 1990; GI not covered as of 2024
Connecticut,2004,1,0,1,1990,,HIGH,SO covered from 1990; GI not covered as of 2024
Connecticut,2005,1,0,1,1990,,HIGH,SO covered from 1990; GI not covered as of 2024
Connecticut,2006,1,0,1,1990,,HIGH,SO covered from 1990; GI not covered as of 2024
Connecticut,2007,1,0,1,1990,,HIGH,SO covered from 1990; GI not covered as of 2024
Connecticut,2008,1,0,1,1990,,HIGH,SO covered from 1990; GI not covered as of 2024
Connecticut,2009,1,0,1,1990,,HIGH,SO covered from 1990; GI not covered as of 2024
Connecticut,2010,1,0,1,1990,,HIGH,SO covered from 1990; GI not covered as of 2024
Connecticut,2011,1,0,1,1990,,HIGH,SO covered from 1990; GI not covered as of 2024
Connecticut,2012,1,0,1,1990,,HIGH,SO covered from 1990; GI not covered as of 2024
Connecticut,2013,1,0,1,1990,,HIGH,SO covered from 1990; GI not covered as of 2024
Connecticut,2014,1,0,1,1990,,HIGH,SO covered from 1990; GI not covered as of 2024
Connecticut,2015,1,0,1,1990,,HIGH,SO covered from 1990; GI not covered as of 2024
Connecticut,2016,1,0,1,1990,,HIGH,SO covered from 1990; GI not covered as of 2024
Connecticut,2017,1,0,1,1990,,HIGH,SO covered from 1990; GI not covered as of 2024
Connecticut,2018,1,0,1,1990,,HIGH,SO covered from 1990; GI not covered as of 2024
Connecticut,2019,1,0,1,1990,,HIGH,SO covered from 1990; GI not covered as of 2024
Connecticut,2020,1,0,1,1990,,HIGH,SO covered from 1990; GI not covered as of 2024
Connecticut,2021,1,0,1,1990,,HIGH,SO covered from 1990; GI not covered as of 2024
Connecticut,2022,1,0,1,1990,,HIGH,SO covered from 1990; GI not covered as of 2024
Connecticut,2023,1,0,1,1990,,HIGH,SO covered from 1990; GI not covered as of 2024
Connecticut,2024,1,0,1,1990,,HIGH,SO covered from 1990; GI not covered as of 2024
Delaware,1991,0,0,0,2009,,MEDIUM,SO covered from 2009; GI not covered as of 2024
Delaware,1992,0,0,0,2009,,MEDIUM,SO covered from 2009; GI not covered as of 2024
Delaware,1993,0,0,0,2009,,MEDIUM,SO covered from 2009; GI not covered as of 2024
Delaware,1994,0,0,0,2009,,MEDIUM,SO covered from 2009; GI not covered as of 2024
Delaware,1995,0,0,0,2009,,MEDIUM,SO covered from 2009; GI not covered as of 2024
Delaware,1996,0,0,0,2009,,MEDIUM,SO covered from 2009; GI not covered as of 2024
Delaware,1997,0,0,0,2009,,MEDIUM,SO covered from 2009; GI not covered as of 2024
Delaware,1998,0,0,0,2009,,MEDIUM,SO covered from 2009; GI not covered as of 2024
Delaware,1999,0,0,0,2009,,MEDIUM,SO covered from 2009; GI not covered as of 2024
Delaware,2000,0,0,0,2009,,MEDIUM,SO covered from 2009; GI not covered as of 2024
Delaware,2001,0,0,0,2009,,MEDIUM,SO covered from 2009; GI not covered as of 2024
Delaware,2002,0,0,0,2009,,MEDIUM,SO covered from 2009; GI not covered as of 2024
Delaware,2003,0,0,0,2009,,MEDIUM,SO covered from 2009; GI not covered as of 2024
Delaware,2004,0,0,0,2009,,MEDIUM,SO covered from 2009; GI not covered as of 2024
Delaware,2005,0,0,0,2009,,MEDIUM,SO covered from 2009; GI not covered as of 2024
Delaware,2006,0,0,0,2009,,MEDIUM,SO covered from 2009; GI not covered as of 2024
Delaware,2007,0,0,0,2009,,MEDIUM,SO covered from 2009; GI not covered as of 2024
Delaware,2008,0,0,0,2009,,MEDIUM,SO covered from 2009; GI not covered as of 2024
Delaware,2009,1,0,1,2009,,MEDIUM,SO covered from 2009; GI not covered as of 2024
Delaware,2010,1,0,1,2009,,MEDIUM,SO covered from 2009; GI not covered as of 2024
Delaware,2011,1,0,1,2009,,MEDIUM,SO covered from 2009; GI not covered as of 2024
Delaware,2012,1,0,1,2009,,MEDIUM,SO covered from 2009; GI not covered as of 2024
Delaware,2013,1,0,1,2009,,MEDIUM,SO covered from 2009; GI not covered as of 2024
Delaware,2014,1,0,1,2009,,MEDIUM,SO covered from 2009; GI not covered as of 2024
Delaware,2015,1,0,1,2009,,MEDIUM,SO covered from 2009; GI not covered as of 2024
Delaware,2016,1,0,1,2009,,MEDIUM,SO covered from 2009; GI not covered as of 2024
Delaware,2017,1,0,1,2009,,MEDIUM,SO covered from 2009; GI not covered as of 2024
Delaware,2018,1,0,1,2009,,MEDIUM,SO covered from 2009; GI not covered as of 2024
Delaware,2019,1,0,1,2009,,MEDIUM,SO covered from 2009; GI not covered as of 2024
Delaware,2020,1,0,1,2009,,MEDIUM,SO covered from 2009; GI not covered as of 2024
Delaware,2021,1,0,1,2009,,MEDIUM,SO covered from 2009; GI not covered as of 2024
Delaware,2022,1,0,1,2009,,MEDIUM,SO covered from 2009; GI not covered as of 2024
Delaware,2023,1,0,1,2009,,MEDIUM,SO covered from 2009; GI not covered as of 2024
Delaware,2024,1,0,1,2009,,MEDIUM,SO covered from 2009; GI not covered as of 2024
District of Columbia,1991,1,1,2,1989,1989,HIGH,SO covered from 1989; GI covered from 1989
District of Columbia,1992,1,1,2,1989,1989,HIGH,SO covered from 1989; GI covered from 1989
District of Columbia,1993,1,1,2,1989,1989,HIGH,SO covered from 1989; GI covered from 1989
District of Columbia,1994,1,1,2,1989,1989,HIGH,SO covered from 1989; GI covered from 1989
District of Columbia,1995,1,1,2,1989,1989,HIGH,SO covered from 1989; GI covered from 1989
District of Columbia,1996,1,1,2,1989,1989,HIGH,SO covered from 1989; GI covered from 1989
District of Columbia,1997,1,1,2,1989,1989,HIGH,SO covered from 1989; GI covered from 1989
District of Columbia,1998,1,1,2,1989,1989,HIGH,SO covered from 1989; GI covered from 1989
District of Columbia,1999,1,1,2,1989,1989,HIGH,SO covered from 1989; GI covered from 1989
District of Columbia,2000,1,1,2,1989,1989,HIGH,SO covered from 1989; GI covered from 1989
District of Columbia,2001,1,1,2,1989,1989,HIGH,SO covered from 1989; GI covered from 1989
District of Columbia,2002,1,1,2,1989,1989,HIGH,SO covered from 1989; GI covered from 1989
District of Columbia,2003,1,1,2,1989,1989,HIGH,SO covered from 1989; GI covered from 1989
District of Columbia,2004,1,1,2,1989,1989,HIGH,SO covered from 1989; GI covered from 1989
District of Columbia,2005,1,1,2,1989,1989,HIGH,SO covered from 1989; GI covered from 1989
District of Columbia,2006,1,1,2,1989,1989,HIGH,SO covered from 1989; GI covered from 1989
District of Columbia,2007,1,1,2,1989,1989,HIGH,SO covered from 1989; GI covered from 1989
District of Columbia,2008,1,1,2,1989,1989,HIGH,SO covered from 1989; GI covered from 1989
District of Columbia,2009,1,1,2,1989,1989,HIGH,SO covered from 1989; GI covered from 1989
District of Columbia,2010,1,1,2,1989,1989,HIGH,SO covered from 1989; GI covered from 1989
District of Columbia,2011,1,1,2,1989,1989,HIGH,SO covered from 1989; GI covered from 1989
District of Columbia,2012,1,1,2,1989,1989,HIGH,SO covered from 1989; GI covered from 1989
District of Columbia,2013,1,1,2,1989,1989,HIGH,SO covered from 1989; GI covered from 1989
District of Columbia,2014,1,1,2,1989,1989,HIGH,SO covered from 1989; GI covered from 1989
District of Columbia,2015,1,1,2,1989,1989,HIGH,SO covered from 1989; GI covered from 1989
District of Columbia,2016,1,1,2,1989,1989,HIGH,SO covered from 1989; GI covered from 1989
District of Columbia,2017,1,1,2,1989,1989,HIGH,SO covered from 1989; GI covered from 1989
District of Columbia,2018,1,1,2,1989,1989,HIGH,SO covered from 1989; GI covered from 1989
District of Columbia,2019,1,1,2,1989,1989,HIGH,SO covered from 1989; GI covered from 1989
District of Columbia,2020,1,1,2,1989,1989,HIGH,SO covered from 1989; GI covered from 1989
District of Columbia,2021,1,1,2,1989,1989,HIGH,SO covered from 1989; GI covered from 1989
District of Columbia,2022,1,1,2,1989,1989,HIGH,SO covered from 1989; GI covered from 1989
District of Columbia,2023,1,1,2,1989,1989,HIGH,SO covered from 1989; GI covered from 1989
District of Columbia,2024,1,1,2,1989,1989,HIGH,SO covered from 1989; GI covered from 1989
Florida,1991,1,0,1,1991,,HIGH,SO covered from 1991; GI not covered as of 2024
Florida,1992,1,0,1,1991,,HIGH,SO covered from 1991; GI not covered as of 2024
Florida,1993,1,0,1,1991,,HIGH,SO covered from 1991; GI not covered as of 2024
Florida,1994,1,0,1,1991,,HIGH,SO covered from 1991; GI not covered as of 2024
Florida,1995,1,0,1,1991,,HIGH,SO covered from 1991; GI not covered as of 2024
Florida,1996,1,0,1,1991,,HIGH,SO covered from 1991; GI not covered as of 2024
Florida,1997,1,0,1,1991,,HIGH,SO covered from 1991; GI not covered as of 2024
Florida,1998,1,0,1,1991,,HIGH,SO covered from 1991; GI not covered as of 2024
Florida,1999,1,0,1,1991,,HIGH,SO covered from 1991; GI not covered as of 2024
Florida,2000,1,0,1,1991,,HIGH,SO covered from 1991; GI not covered as of 2024
Florida,2001,1,0,1,1991,,HIGH,SO covered from 1991; GI not covered as of 2024
Florida,2002,1,0,1,1991,,HIGH,SO covered from 1991; GI not covered as of 2024
Florida,2003,1,0,1,1991,,HIGH,SO covered from 1991; GI not covered as of 2024
Florida,2004,1,0,1,1991,,HIGH,SO covered from 1991; GI not covered as of 2024
Florida,2005,1,0,1,1991,,HIGH,SO covered from 1991; GI not covered as of 2024
Florida,2006,1,0,1,1991,,HIGH,SO covered from 1991; GI not covered as of 2024
Florida,2007,1,0,1,1991,,HIGH,SO covered from 1991; GI not covered as of 2024
Florida,2008,1,0,1,1991,,HIGH,SO covered from 1991; GI not covered as of 2024
Florida,2009,1,0,1,1991,,HIGH,SO covered from 1991; GI not covered as of 2024
Florida,2010,1,0,1,1991,,HIGH,SO covered from 1991; GI not covered as of 2024
Florida,2011,1,0,1,1991,,HIGH,SO covered from 1991; GI not covered as of 2024
Florida,2012,1,0,1,1991,,HIGH,SO covered from 1991; GI not covered as of 2024
Florida,2013,1,0,1,1991,,HIGH,SO covered from 1991; GI not covered as of 2024
Florida,2014,1,0,1,1991,,HIGH,SO covered from 1991; GI not covered as of 2024
Florida,2015,1,0,1,1991,,HIGH,SO covered from 1991; GI not covered as of 2024
Florida,2016,1,0,1,1991,,HIGH,SO covered from 1991; GI not covered as of 2024
Florida,2017,1,0,1,1991,,HIGH,SO covered from 1991; GI not covered as of 2024
Florida,2018,1,0,1,1991,,HIGH,SO covered from 1991; GI not covered as of 2024
Florida,2019,1,0,1,1991,,HIGH,SO covered from 1991; GI not covered as of 2024
Florida,2020,1,0,1,1991,,HIGH,SO covered from 1991; GI not covered as of 2024
Florida,2021,1,0,1,1991,,HIGH,SO covered from 1991; GI not covered as of 2024
Florida,2022,1,0,1,1991,,HIGH,SO covered from 1991; GI not covered as of 2024
Florida,2023,1,0,1,1991,,HIGH,SO covered from 1991; GI not covered as of 2024
Florida,2024,1,0,1,1991,,HIGH,SO covered from 1991; GI not covered as of 2024
Georgia,1991,0,0,0,2020,2020,HIGH,SO covered from 2020; GI covered from 2020
Georgia,1992,0,0,0,2020,2020,HIGH,SO covered from 2020; GI covered from 2020
Georgia,1993,0,0,0,2020,2020,HIGH,SO covered from 2020; GI covered from 2020
Georgia,1994,0,0,0,2020,2020,HIGH,SO covered from 2020; GI covered from 2020
Georgia,1995,0,0,0,2020,2020,HIGH,SO covered from 2020; GI covered from 2020
Georgia,1996,0,0,0,2020,2020,HIGH,SO covered from 2020; GI covered from 2020
Georgia,1997,0,0,0,2020,2020,HIGH,SO covered from 2020; GI covered from 2020
Georgia,1998,0,0,0,2020,2020,HIGH,SO covered from 2020; GI covered from 2020
Georgia,1999,0,0,0,2020,2020,HIGH,SO covered from 2020; GI covered from 2020
Georgia,2000,0,0,0,2020,2020,HIGH,SO covered from 2020; GI covered from 2020
Georgia,2001,0,0,0,2020,2020,HIGH,SO covered from 2020; GI covered from 2020
Georgia,2002,0,0,0,2020,2020,HIGH,SO covered from 2020; GI covered from 2020
Georgia,2003,0,0,0,2020,2020,HIGH,SO covered from 2020; GI covered from 2020
Georgia,2004,0,0,0,2020,2020,HIGH,SO covered from 2020; GI covered from 2020
Georgia,2005,0,0,0,2020,2020,HIGH,SO covered from 2020; GI covered from 2020
Georgia,2006,0,0,0,2020,2020,HIGH,SO covered from 2020; GI covered from 2020
Georgia,2007,0,0,0,2020,2020,HIGH,SO covered from 2020; GI covered from 2020
Georgia,2008,0,0,0,2020,2020,HIGH,SO covered from 2020; GI covered from 2020
Georgia,2009,0,0,0,2020,2020,HIGH,SO covered from 2020; GI covered from 2020
Georgia,2010,0,0,0,2020,2020,HIGH,SO covered from 2020; GI covered from 2020
Georgia,2011,0,0,0,2020,2020,HIGH,SO covered from 2020; GI covered from 2020
Georgia,2012,0,0,0,2020,2020,HIGH,SO covered from 2020; GI covered from 2020
Georgia,2013,0,0,0,2020,2020,HIGH,SO covered from 2020; GI covered from 2020
Georgia,2014,0,0,0,2020,2020,HIGH,SO covered from 2020; GI covered from 2020
Georgia,2015,0,0,0,2020,2020,HIGH,SO covered from 2020; GI covered from 2020
Georgia,2016,0,0,0,2020,2020,HIGH,SO covered from 2020; GI covered from 2020
Georgia,2017,0,0,0,2020,2020,HIGH,SO covered from 2020; GI covered from 2020
Georgia,2018,0,0,0,2020,2020,HIGH,SO covered from 2020; GI covered from 2020
Georgia,2019,0,0,0,2020,2020,HIGH,SO covered from 2020; GI covered from 2020
Georgia,2020,1,1,2,2020,2020,HIGH,SO covered from 2020; GI covered from 2020
Georgia,2021,1,1,2,2020,2020,HIGH,SO covered from 2020; GI covered from 2020
Georgia,2022,1,1,2,2020,2020,HIGH,SO covered from 2020; GI covered from 2020
Georgia,2023,1,1,2,2020,2020,HIGH,SO covered from 2020; GI covered from 2020
Georgia,2024,1,1,2,2020,2020,HIGH,SO covered from 2020; GI covered from 2020
Hawaii,1991,0,0,0,1993,,MEDIUM,SO covered from 1993; GI not covered as of 2024
Hawaii,1992,0,0,0,1993,,MEDIUM,SO covered from 1993; GI not covered as of 2024
Hawaii,1993,1,0,1,1993,,MEDIUM,SO covered from 1993; GI not covered as of 2024
Hawaii,1994,1,0,1,1993,,MEDIUM,SO covered from 1993; GI not covered as of 2024
Hawaii,1995,1,0,1,1993,,MEDIUM,SO covered from 1993; GI not covered as of 2024
Hawaii,1996,1,0,1,1993,,MEDIUM,SO covered from 1993; GI not covered as of 2024
Hawaii,1997,1,0,1,1993,,MEDIUM,SO covered from 1993; GI not covered as of 2024
Hawaii,1998,1,0,1,1993,,MEDIUM,SO covered from 1993; GI not covered as of 2024
Hawaii,1999,1,0,1,1993,,MEDIUM,SO covered from 1993; GI not covered as of 2024
Hawaii,2000,1,0,1,1993,,MEDIUM,SO covered from 1993; GI not covered as of 2024
Hawaii,2001,1,0,1,1993,,MEDIUM,SO covered from 1993; GI not covered as of 2024
Hawaii,2002,1,0,1,1993,,MEDIUM,SO covered from 1993; GI not covered as of 2024
Hawaii,2003,1,0,1,1993,,MEDIUM,SO covered from 1993; GI not covered as of 2024
Hawaii,2004,1,0,1,1993,,MEDIUM,SO covered from 1993; GI not covered as of 2024
Hawaii,2005,1,0,1,1993,,MEDIUM,SO covered from 1993; GI not covered as of 2024
Hawaii,2006,1,0,1,1993,,MEDIUM,SO covered from 1993; GI not covered as of 2024
Hawaii,2007,1,0,1,1993,,MEDIUM,SO covered from 1993; GI not covered as of 2024
Hawaii,2008,1,0,1,1993,,MEDIUM,SO covered from 1993; GI not covered as of 2024
Hawaii,2009,1,0,1,1993,,MEDIUM,SO covered from 1993; GI not covered as of 2024
Hawaii,2010,1,0,1,1993,,MEDIUM,SO covered from 1993; GI not covered as of 2024
Hawaii,2011,1,0,1,1993,,MEDIUM,SO covered from 1993; GI not covered as of 2024
Hawaii,2012,1,0,1,1993,,MEDIUM,SO covered from 1993; GI not covered as of 2024
Hawaii,2013,1,0,1,1993,,MEDIUM,SO covered from 1993; GI not covered as of 2024
Hawaii,2014,1,0,1,1993,,MEDIUM,SO covered from 1993; GI not covered as of 2024
Hawaii,2015,1,0,1,1993,,MEDIUM,SO covered from 1993; GI not covered as of 2024
Hawaii,2016,1,0,1,1993,,MEDIUM,SO covered from 1993; GI not covered as of 2024
Hawaii,2017,1,0,1,1993,,MEDIUM,SO covered from 1993; GI not covered as of 2024
Hawaii,2018,1,0,1,1993,,MEDIUM,SO covered from 1993; GI not covered as of 2024
Hawaii,2019,1,0,1,1993,,MEDIUM,SO covered from 1993; GI not covered as of 2024
Hawaii,2020,1,0,1,1993,,MEDIUM,SO covered from 1993; GI not covered as of 2024
Hawaii,2021,1,0,1,1993,,MEDIUM,SO covered from 1993; GI not covered as of 2024
Hawaii,2022,1,0,1,1993,,MEDIUM,SO covered from 1993; GI not covered as of 2024
Hawaii,2023,1,0,1,1993,,MEDIUM,SO covered from 1993; GI not covered as of 2024
Hawaii,2024,1,0,1,1993,,MEDIUM,SO covered from 1993; GI not covered as of 2024
Idaho,1991,0,0,0,,,HIGH,No state hate crime law covering SO or GI
Idaho,1992,0,0,0,,,HIGH,No state hate crime law covering SO or GI
Idaho,1993,0,0,0,,,HIGH,No state hate crime law covering SO or GI
Idaho,1994,0,0,0,,,HIGH,No state hate crime law covering SO or GI
Idaho,1995,0,0,0,,,HIGH,No state hate crime law covering SO or GI
Idaho,1996,0,0,0,,,HIGH,No state hate crime law covering SO or GI
Idaho,1997,0,0,0,,,HIGH,No state hate crime law covering SO or GI
Idaho,1998,0,0,0,,,HIGH,No state hate crime law covering SO or GI
Idaho,1999,0,0,0,,,HIGH,No state hate crime law covering SO or GI
Idaho,2000,0,0,0,,,HIGH,No state hate crime law covering SO or GI
Idaho,2001,0,0,0,,,HIGH,No state hate crime law covering SO or GI
Idaho,2002,0,0,0,,,HIGH,No state hate crime law covering SO or GI
Idaho,2003,0,0,0,,,HIGH,No state hate crime law covering SO or GI
Idaho,2004,0,0,0,,,HIGH,No state hate crime law covering SO or GI
Idaho,2005,0,0,0,,,HIGH,No state hate crime law covering SO or GI
Idaho,2006,0,0,0,,,HIGH,No state hate crime law covering SO or GI
Idaho,2007,0,0,0,,,HIGH,No state hate crime law covering SO or GI
Idaho,2008,0,0,0,,,HIGH,No state hate crime law covering SO or GI
Idaho,2009,0,0,0,,,HIGH,No state hate crime law covering SO or GI
Idaho,2010,0,0,0,,,HIGH,No state hate crime law covering SO or GI
Idaho,2011,0,0,0,,,HIGH,No state hate crime law covering SO or GI
Idaho,2012,0,0,0,,,HIGH,No state hate crime law covering SO or GI
Idaho,2013,0,0,0,,,HIGH,No state hate crime law covering SO or GI
Idaho,2014,0,0,0,,,HIGH,No state hate crime law covering SO or GI
Idaho,2015,0,0,0,,,HIGH,No state hate crime law covering SO or GI
Idaho,2016,0,0,0,,,HIGH,No state hate crime law covering SO or GI
Idaho,2017,0,0,0,,,HIGH,No state hate crime law covering SO or GI
Idaho,2018,0,0,0,,,HIGH,No state hate crime law covering SO or GI
Idaho,2019,0,0,0,,,HIGH,No state hate crime law covering SO or GI
Idaho,2020,0,0,0,,,HIGH,No state hate crime law covering SO or GI
Idaho,2021,0,0,0,,,HIGH,No state hate crime law covering SO or GI
Idaho,2022,0,0,0,,,HIGH,No state hate crime law covering SO or GI
Idaho,2023,0,0,0,,,HIGH,No state hate crime law covering SO or GI
Idaho,2024,0,0,0,,,HIGH,No state hate crime law covering SO or GI
Illinois,1991,0,0,0,2010,2011,HIGH,SO covered from 2010; GI covered from 2011
Illinois,1992,0,0,0,2010,2011,HIGH,SO covered from 2010; GI covered from 2011
Illinois,1993,0,0,0,2010,2011,HIGH,SO covered from 2010; GI covered from 2011
Illinois,1994,0,0,0,2010,2011,HIGH,SO covered from 2010; GI covered from 2011
Illinois,1995,0,0,0,2010,2011,HIGH,SO covered from 2010; GI covered from 2011
Illinois,1996,0,0,0,2010,2011,HIGH,SO covered from 2010; GI covered from 2011
Illinois,1997,0,0,0,2010,2011,HIGH,SO covered from 2010; GI covered from 2011
Illinois,1998,0,0,0,2010,2011,HIGH,SO covered from 2010; GI covered from 2011
Illinois,1999,0,0,0,2010,2011,HIGH,SO covered from 2010; GI covered from 2011
Illinois,2000,0,0,0,2010,2011,HIGH,SO covered from 2010; GI covered from 2011
Illinois,2001,0,0,0,2010,2011,HIGH,SO covered from 2010; GI covered from 2011
Illinois,2002,0,0,0,2010,2011,HIGH,SO covered from 2010; GI covered from 2011
Illinois,2003,0,0,0,2010,2011,HIGH,SO covered from 2010; GI covered from 2011
Illinois,2004,0,0,0,2010,2011,HIGH,SO covered from 2010; GI covered from 2011
Illinois,2005,0,0,0,2010,2011,HIGH,SO covered from 2010; GI covered from 2011
Illinois,2006,0,0,0,2010,2011,HIGH,SO covered from 2010; GI covered from 2011
Illinois,2007,0,0,0,2010,2011,HIGH,SO covered from 2010; GI covered from 2011
Illinois,2008,0,0,0,2010,2011,HIGH,SO covered from 2010; GI covered from 2011
Illinois,2009,0,0,0,2010,2011,HIGH,SO covered from 2010; GI covered from 2011
Illinois,2010,1,0,1,2010,2011,HIGH,SO covered from 2010; GI covered from 2011
Illinois,2011,1,1,2,2010,2011,HIGH,SO covered from 2010; GI covered from 2011
Illinois,2012,1,1,2,2010,2011,HIGH,SO covered from 2010; GI covered from 2011
Illinois,2013,1,1,2,2010,2011,HIGH,SO covered from 2010; GI covered from 2011
Illinois,2014,1,1,2,2010,2011,HIGH,SO covered from 2010; GI covered from 2011
Illinois,2015,1,1,2,2010,2011,HIGH,SO covered from 2010; GI covered from 2011
Illinois,2016,1,1,2,2010,2011,HIGH,SO covered from 2010; GI covered from 2011
Illinois,2017,1,1,2,2010,2011,HIGH,SO covered from 2010; GI covered from 2011
Illinois,2018,1,1,2,2010,2011,HIGH,SO covered from 2010; GI covered from 2011
Illinois,2019,1,1,2,2010,2011,HIGH,SO covered from 2010; GI covered from 2011
Illinois,2020,1,1,2,2010,2011,HIGH,SO covered from 2010; GI covered from 2011
Illinois,2021,1,1,2,2010,2011,HIGH,SO covered from 2010; GI covered from 2011
Illinois,2022,1,1,2,2010,2011,HIGH,SO covered from 2010; GI covered from 2011
Illinois,2023,1,1,2,2010,2011,HIGH,SO covered from 2010; GI covered from 2011
Illinois,2024,1,1,2,2010,2011,HIGH,SO covered from 2010; GI covered from 2011
Indiana,1991,0,0,0,,,HIGH,No state hate crime law covering SO or GI
Indiana,1992,0,0,0,,,HIGH,No state hate crime law covering SO or GI
Indiana,1993,0,0,0,,,HIGH,No state hate crime law covering SO or GI
Indiana,1994,0,0,0,,,HIGH,No state hate crime law covering SO or GI
Indiana,1995,0,0,0,,,HIGH,No state hate crime law covering SO or GI
Indiana,1996,0,0,0,,,HIGH,No state hate crime law covering SO or GI
Indiana,1997,0,0,0,,,HIGH,No state hate crime law covering SO or GI
Indiana,1998,0,0,0,,,HIGH,No state hate crime law covering SO or GI
Indiana,1999,0,0,0,,,HIGH,No state hate crime law covering SO or GI
Indiana,2000,0,0,0,,,HIGH,No state hate crime law covering SO or GI
Indiana,2001,0,0,0,,,HIGH,No state hate crime law covering SO or GI
Indiana,2002,0,0,0,,,HIGH,No state hate crime law covering SO or GI
Indiana,2003,0,0,0,,,HIGH,No state hate crime law covering SO or GI
Indiana,2004,0,0,0,,,HIGH,No state hate crime law covering SO or GI
Indiana,2005,0,0,0,,,HIGH,No state hate crime law covering SO or GI
Indiana,2006,0,0,0,,,HIGH,No state hate crime law covering SO or GI
Indiana,2007,0,0,0,,,HIGH,No state hate crime law covering SO or GI
Indiana,2008,0,0,0,,,HIGH,No state hate crime law covering SO or GI
Indiana,2009,0,0,0,,,HIGH,No state hate crime law covering SO or GI
Indiana,2010,0,0,0,,,HIGH,No state hate crime law covering SO or GI
Indiana,2011,0,0,0,,,HIGH,No state hate crime law covering SO or GI
Indiana,2012,0,0,0,,,HIGH,No state hate crime law covering SO or GI
Indiana,2013,0,0,0,,,HIGH,No state hate crime law covering SO or GI
Indiana,2014,0,0,0,,,HIGH,No state hate crime law covering SO or GI
Indiana,2015,0,0,0,,,HIGH,No state hate crime law covering SO or GI
Indiana,2016,0,0,0,,,HIGH,No state hate crime law covering SO or GI
Indiana,2017,0,0,0,,,HIGH,No state hate crime law covering SO or GI
Indiana,2018,0,0,0,,,HIGH,No state hate crime law covering SO or GI
Indiana,2019,0,0,0,,,HIGH,No state hate crime law covering SO or GI
Indiana,2020,0,0,0,,,HIGH,No state hate crime law covering SO or GI
Indiana,2021,0,0,0,,,HIGH,No state hate crime law covering SO or GI
Indiana,2022,0,0,0,,,HIGH,No state hate crime law covering SO or GI
Indiana,2023,0,0,0,,,HIGH,No state hate crime law covering SO or GI
Indiana,2024,0,0,0,,,HIGH,No state hate crime law covering SO or GI
Iowa,1991,0,0,0,1992,,MEDIUM,SO covered from 1992; GI not covered as of 2024
Iowa,1992,1,0,1,1992,,MEDIUM,SO covered from 1992; GI not covered as of 2024
Iowa,1993,1,0,1,1992,,MEDIUM,SO covered from 1992; GI not covered as of 2024
Iowa,1994,1,0,1,1992,,MEDIUM,SO covered from 1992; GI not covered as of 2024
Iowa,1995,1,0,1,1992,,MEDIUM,SO covered from 1992; GI not covered as of 2024
Iowa,1996,1,0,1,1992,,MEDIUM,SO covered from 1992; GI not covered as of 2024
Iowa,1997,1,0,1,1992,,MEDIUM,SO covered from 1992; GI not covered as of 2024
Iowa,1998,1,0,1,1992,,MEDIUM,SO covered from 1992; GI not covered as of 2024
Iowa,1999,1,0,1,1992,,MEDIUM,SO covered from 1992; GI not covered as of 2024
Iowa,2000,1,0,1,1992,,MEDIUM,SO covered from 1992; GI not covered as of 2024
Iowa,2001,1,0,1,1992,,MEDIUM,SO covered from 1992; GI not covered as of 2024
Iowa,2002,1,0,1,1992,,MEDIUM,SO covered from 1992; GI not covered as of 2024
Iowa,2003,1,0,1,1992,,MEDIUM,SO covered from 1992; GI not covered as of 2024
Iowa,2004,1,0,1,1992,,MEDIUM,SO covered from 1992; GI not covered as of 2024
Iowa,2005,1,0,1,1992,,MEDIUM,SO covered from 1992; GI not covered as of 2024
Iowa,2006,1,0,1,1992,,MEDIUM,SO covered from 1992; GI not covered as of 2024
Iowa,2007,1,0,1,1992,,MEDIUM,SO covered from 1992; GI not covered as of 2024
Iowa,2008,1,0,1,1992,,MEDIUM,SO covered from 1992; GI not covered as of 2024
Iowa,2009,1,0,1,1992,,MEDIUM,SO covered from 1992; GI not covered as of 2024
Iowa,2010,1,0,1,1992,,MEDIUM,SO covered from 1992; GI not covered as of 2024
Iowa,2011,1,0,1,1992,,MEDIUM,SO covered from 1992; GI not covered as of 2024
Iowa,2012,1,0,1,1992,,MEDIUM,SO covered from 1992; GI not covered as of 2024
Iowa,2013,1,0,1,1992,,MEDIUM,SO covered from 1992; GI not covered as of 2024
Iowa,2014,1,0,1,1992,,MEDIUM,SO covered from 1992; GI not covered as of 2024
Iowa,2015,1,0,1,1992,,MEDIUM,SO covered from 1992; GI not covered as of 2024
Iowa,2016,1,0,1,1992,,MEDIUM,SO covered from 1992; GI not covered as of 2024
Iowa,2017,1,0,1,1992,,MEDIUM,SO covered from 1992; GI not covered as of 2024
Iowa,2018,1,0,1,1992,,MEDIUM,SO covered from 1992; GI not covered as of 2024
Iowa,2019,1,0,1,1992,,MEDIUM,SO covered from 1992; GI not covered as of 2024
Iowa,2020,1,0,1,1992,,MEDIUM,SO covered from 1992; GI not covered as of 2024
Iowa,2021,1,0,1,1992,,MEDIUM,SO covered from 1992; GI not covered as of 2024
Iowa,2022,1,0,1,1992,,MEDIUM,SO covered from 1992; GI not covered as of 2024
Iowa,2023,1,0,1,1992,,MEDIUM,SO covered from 1992; GI not covered as of 2024
Iowa,2024,1,0,1,1992,,MEDIUM,SO covered from 1992; GI not covered as of 2024
Kansas,1991,0,0,0,,,HIGH,No state hate crime law covering SO or GI
Kansas,1992,0,0,0,,,HIGH,No state hate crime law covering SO or GI
Kansas,1993,0,0,0,,,HIGH,No state hate crime law covering SO or GI
Kansas,1994,0,0,0,,,HIGH,No state hate crime law covering SO or GI
Kansas,1995,0,0,0,,,HIGH,No state hate crime law covering SO or GI
Kansas,1996,0,0,0,,,HIGH,No state hate crime law covering SO or GI
Kansas,1997,0,0,0,,,HIGH,No state hate crime law covering SO or GI
Kansas,1998,0,0,0,,,HIGH,No state hate crime law covering SO or GI
Kansas,1999,0,0,0,,,HIGH,No state hate crime law covering SO or GI
Kansas,2000,0,0,0,,,HIGH,No state hate crime law covering SO or GI
Kansas,2001,0,0,0,,,HIGH,No state hate crime law covering SO or GI
Kansas,2002,0,0,0,,,HIGH,No state hate crime law covering SO or GI
Kansas,2003,0,0,0,,,HIGH,No state hate crime law covering SO or GI
Kansas,2004,0,0,0,,,HIGH,No state hate crime law covering SO or GI
Kansas,2005,0,0,0,,,HIGH,No state hate crime law covering SO or GI
Kansas,2006,0,0,0,,,HIGH,No state hate crime law covering SO or GI
Kansas,2007,0,0,0,,,HIGH,No state hate crime law covering SO or GI
Kansas,2008,0,0,0,,,HIGH,No state hate crime law covering SO or GI
Kansas,2009,0,0,0,,,HIGH,No state hate crime law covering SO or GI
Kansas,2010,0,0,0,,,HIGH,No state hate crime law covering SO or GI
Kansas,2011,0,0,0,,,HIGH,No state hate crime law covering SO or GI
Kansas,2012,0,0,0,,,HIGH,No state hate crime law covering SO or GI
Kansas,2013,0,0,0,,,HIGH,No state hate crime law covering SO or GI
Kansas,2014,0,0,0,,,HIGH,No state hate crime law covering SO or GI
Kansas,2015,0,0,0,,,HIGH,No state hate crime law covering SO or GI
Kansas,2016,0,0,0,,,HIGH,No state hate crime law covering SO or GI
Kansas,2017,0,0,0,,,HIGH,No state hate crime law covering SO or GI
Kansas,2018,0,0,0,,,HIGH,No state hate crime law covering SO or GI
Kansas,2019,0,0,0,,,HIGH,No state hate crime law covering SO or GI
Kansas,2020,0,0,0,,,HIGH,No state hate crime law covering SO or GI
Kansas,2021,0,0,0,,,HIGH,No state hate crime law covering SO or GI
Kansas,2022,0,0,0,,,HIGH,No state hate crime law covering SO or GI
Kansas,2023,0,0,0,,,HIGH,No state hate crime law covering SO or GI
Kansas,2024,0,0,0,,,HIGH,No state hate crime law covering SO or GI
Kentucky,1991,0,0,0,2001,,HIGH,SO covered from 2001; GI not covered as of 2024
Kentucky,1992,0,0,0,2001,,HIGH,SO covered from 2001; GI not covered as of 2024
Kentucky,1993,0,0,0,2001,,HIGH,SO covered from 2001; GI not covered as of 2024
Kentucky,1994,0,0,0,2001,,HIGH,SO covered from 2001; GI not covered as of 2024
Kentucky,1995,0,0,0,2001,,HIGH,SO covered from 2001; GI not covered as of 2024
Kentucky,1996,0,0,0,2001,,HIGH,SO covered from 2001; GI not covered as of 2024
Kentucky,1997,0,0,0,2001,,HIGH,SO covered from 2001; GI not covered as of 2024
Kentucky,1998,0,0,0,2001,,HIGH,SO covered from 2001; GI not covered as of 2024
Kentucky,1999,0,0,0,2001,,HIGH,SO covered from 2001; GI not covered as of 2024
Kentucky,2000,0,0,0,2001,,HIGH,SO covered from 2001; GI not covered as of 2024
Kentucky,2001,1,0,1,2001,,HIGH,SO covered from 2001; GI not covered as of 2024
Kentucky,2002,1,0,1,2001,,HIGH,SO covered from 2001; GI not covered as of 2024
Kentucky,2003,1,0,1,2001,,HIGH,SO covered from 2001; GI not covered as of 2024
Kentucky,2004,1,0,1,2001,,HIGH,SO covered from 2001; GI not covered as of 2024
Kentucky,2005,1,0,1,2001,,HIGH,SO covered from 2001; GI not covered as of 2024
Kentucky,2006,1,0,1,2001,,HIGH,SO covered from 2001; GI not covered as of 2024
Kentucky,2007,1,0,1,2001,,HIGH,SO covered from 2001; GI not covered as of 2024
Kentucky,2008,1,0,1,2001,,HIGH,SO covered from 2001; GI not covered as of 2024
Kentucky,2009,1,0,1,2001,,HIGH,SO covered from 2001; GI not covered as of 2024
Kentucky,2010,1,0,1,2001,,HIGH,SO covered from 2001; GI not covered as of 2024
Kentucky,2011,1,0,1,2001,,HIGH,SO covered from 2001; GI not covered as of 2024
Kentucky,2012,1,0,1,2001,,HIGH,SO covered from 2001; GI not covered as of 2024
Kentucky,2013,1,0,1,2001,,HIGH,SO covered from 2001; GI not covered as of 2024
Kentucky,2014,1,0,1,2001,,HIGH,SO covered from 2001; GI not covered as of 2024
Kentucky,2015,1,0,1,2001,,HIGH,SO covered from 2001; GI not covered as of 2024
Kentucky,2016,1,0,1,2001,,HIGH,SO covered from 2001; GI not covered as of 2024
Kentucky,2017,1,0,1,2001,,HIGH,SO covered from 2001; GI not covered as of 2024
Kentucky,2018,1,0,1,2001,,HIGH,SO covered from 2001; GI not covered as of 2024
Kentucky,2019,1,0,1,2001,,HIGH,SO covered from 2001; GI not covered as of 2024
Kentucky,2020,1,0,1,2001,,HIGH,SO covered from 2001; GI not covered as of 2024
Kentucky,2021,1,0,1,2001,,HIGH,SO covered from 2001; GI not covered as of 2024
Kentucky,2022,1,0,1,2001,,HIGH,SO covered from 2001; GI not covered as of 2024
Kentucky,2023,1,0,1,2001,,HIGH,SO covered from 2001; GI not covered as of 2024
Kentucky,2024,1,0,1,2001,,HIGH,SO covered from 2001; GI not covered as of 2024
Louisiana,1991,0,0,0,1997,,HIGH,SO covered from 1997; GI not covered as of 2024
Louisiana,1992,0,0,0,1997,,HIGH,SO covered from 1997; GI not covered as of 2024
Louisiana,1993,0,0,0,1997,,HIGH,SO covered from 1997; GI not covered as of 2024
Louisiana,1994,0,0,0,1997,,HIGH,SO covered from 1997; GI not covered as of 2024
Louisiana,1995,0,0,0,1997,,HIGH,SO covered from 1997; GI not covered as of 2024
Louisiana,1996,0,0,0,1997,,HIGH,SO covered from 1997; GI not covered as of 2024
Louisiana,1997,1,0,1,1997,,HIGH,SO covered from 1997; GI not covered as of 2024
Louisiana,1998,1,0,1,1997,,HIGH,SO covered from 1997; GI not covered as of 2024
Louisiana,1999,1,0,1,1997,,HIGH,SO covered from 1997; GI not covered as of 2024
Louisiana,2000,1,0,1,1997,,HIGH,SO covered from 1997; GI not covered as of 2024
Louisiana,2001,1,0,1,1997,,HIGH,SO covered from 1997; GI not covered as of 2024
Louisiana,2002,1,0,1,1997,,HIGH,SO covered from 1997; GI not covered as of 2024
Louisiana,2003,1,0,1,1997,,HIGH,SO covered from 1997; GI not covered as of 2024
Louisiana,2004,1,0,1,1997,,HIGH,SO covered from 1997; GI not covered as of 2024
Louisiana,2005,1,0,1,1997,,HIGH,SO covered from 1997; GI not covered as of 2024
Louisiana,2006,1,0,1,1997,,HIGH,SO covered from 1997; GI not covered as of 2024
Louisiana,2007,1,0,1,1997,,HIGH,SO covered from 1997; GI not covered as of 2024
Louisiana,2008,1,0,1,1997,,HIGH,SO covered from 1997; GI not covered as of 2024
Louisiana,2009,1,0,1,1997,,HIGH,SO covered from 1997; GI not covered as of 2024
Louisiana,2010,1,0,1,1997,,HIGH,SO covered from 1997; GI not covered as of 2024
Louisiana,2011,1,0,1,1997,,HIGH,SO covered from 1997; GI not covered as of 2024
Louisiana,2012,1,0,1,1997,,HIGH,SO covered from 1997; GI not covered as of 2024
Louisiana,2013,1,0,1,1997,,HIGH,SO covered from 1997; GI not covered as of 2024
Louisiana,2014,1,0,1,1997,,HIGH,SO covered from 1997; GI not covered as of 2024
Louisiana,2015,1,0,1,1997,,HIGH,SO covered from 1997; GI not covered as of 2024
Louisiana,2016,1,0,1,1997,,HIGH,SO covered from 1997; GI not covered as of 2024
Louisiana,2017,1,0,1,1997,,HIGH,SO covered from 1997; GI not covered as of 2024
Louisiana,2018,1,0,1,1997,,HIGH,SO covered from 1997; GI not covered as of 2024
Louisiana,2019,1,0,1,1997,,HIGH,SO covered from 1997; GI not covered as of 2024
Louisiana,2020,1,0,1,1997,,HIGH,SO covered from 1997; GI not covered as of 2024
Louisiana,2021,1,0,1,1997,,HIGH,SO covered from 1997; GI not covered as of 2024
Louisiana,2022,1,0,1,1997,,HIGH,SO covered from 1997; GI not covered as of 2024
Louisiana,2023,1,0,1,1997,,HIGH,SO covered from 1997; GI not covered as of 2024
Louisiana,2024,1,0,1,1997,,HIGH,SO covered from 1997; GI not covered as of 2024
Maine,1991,0,0,0,1995,,MEDIUM,SO covered from 1995; GI not covered as of 2024
Maine,1992,0,0,0,1995,,MEDIUM,SO covered from 1995; GI not covered as of 2024
Maine,1993,0,0,0,1995,,MEDIUM,SO covered from 1995; GI not covered as of 2024
Maine,1994,0,0,0,1995,,MEDIUM,SO covered from 1995; GI not covered as of 2024
Maine,1995,1,0,1,1995,,MEDIUM,SO covered from 1995; GI not covered as of 2024
Maine,1996,1,0,1,1995,,MEDIUM,SO covered from 1995; GI not covered as of 2024
Maine,1997,1,0,1,1995,,MEDIUM,SO covered from 1995; GI not covered as of 2024
Maine,1998,1,0,1,1995,,MEDIUM,SO covered from 1995; GI not covered as of 2024
Maine,1999,1,0,1,1995,,MEDIUM,SO covered from 1995; GI not covered as of 2024
Maine,2000,1,0,1,1995,,MEDIUM,SO covered from 1995; GI not covered as of 2024
Maine,2001,1,0,1,1995,,MEDIUM,SO covered from 1995; GI not covered as of 2024
Maine,2002,1,0,1,1995,,MEDIUM,SO covered from 1995; GI not covered as of 2024
Maine,2003,1,0,1,1995,,MEDIUM,SO covered from 1995; GI not covered as of 2024
Maine,2004,1,0,1,1995,,MEDIUM,SO covered from 1995; GI not covered as of 2024
Maine,2005,1,0,1,1995,,MEDIUM,SO covered from 1995; GI not covered as of 2024
Maine,2006,1,0,1,1995,,MEDIUM,SO covered from 1995; GI not covered as of 2024
Maine,2007,1,0,1,1995,,MEDIUM,SO covered from 1995; GI not covered as of 2024
Maine,2008,1,0,1,1995,,MEDIUM,SO covered from 1995; GI not covered as of 2024
Maine,2009,1,0,1,1995,,MEDIUM,SO covered from 1995; GI not covered as of 2024
Maine,2010,1,0,1,1995,,MEDIUM,SO covered from 1995; GI not covered as of 2024
Maine,2011,1,0,1,1995,,MEDIUM,SO covered from 1995; GI not covered as of 2024
Maine,2012,1,0,1,1995,,MEDIUM,SO covered from 1995; GI not covered as of 2024
Maine,2013,1,0,1,1995,,MEDIUM,SO covered from 1995; GI not covered as of 2024
Maine,2014,1,0,1,1995,,MEDIUM,SO covered from 1995; GI not covered as of 2024
Maine,2015,1,0,1,1995,,MEDIUM,SO covered from 1995; GI not covered as of 2024
Maine,2016,1,0,1,1995,,MEDIUM,SO covered from 1995; GI not covered as of 2024
Maine,2017,1,0,1,1995,,MEDIUM,SO covered from 1995; GI not covered as of 2024
Maine,2018,1,0,1,1995,,MEDIUM,SO covered from 1995; GI not covered as of 2024
Maine,2019,1,0,1,1995,,MEDIUM,SO covered from 1995; GI not covered as of 2024
Maine,2020,1,0,1,1995,,MEDIUM,SO covered from 1995; GI not covered as of 2024
Maine,2021,1,0,1,1995,,MEDIUM,SO covered from 1995; GI not covered as of 2024
Maine,2022,1,0,1,1995,,MEDIUM,SO covered from 1995; GI not covered as of 2024
Maine,2023,1,0,1,1995,,MEDIUM,SO covered from 1995; GI not covered as of 2024
Maine,2024,1,0,1,1995,,MEDIUM,SO covered from 1995; GI not covered as of 2024
Maryland,1991,0,0,0,2005,2014,MEDIUM,SO covered from 2005; GI covered from 2014
Maryland,1992,0,0,0,2005,2014,MEDIUM,SO covered from 2005; GI covered from 2014
Maryland,1993,0,0,0,2005,2014,MEDIUM,SO covered from 2005; GI covered from 2014
Maryland,1994,0,0,0,2005,2014,MEDIUM,SO covered from 2005; GI covered from 2014
Maryland,1995,0,0,0,2005,2014,MEDIUM,SO covered from 2005; GI covered from 2014
Maryland,1996,0,0,0,2005,2014,MEDIUM,SO covered from 2005; GI covered from 2014
Maryland,1997,0,0,0,2005,2014,MEDIUM,SO covered from 2005; GI covered from 2014
Maryland,1998,0,0,0,2005,2014,MEDIUM,SO covered from 2005; GI covered from 2014
Maryland,1999,0,0,0,2005,2014,MEDIUM,SO covered from 2005; GI covered from 2014
Maryland,2000,0,0,0,2005,2014,MEDIUM,SO covered from 2005; GI covered from 2014
Maryland,2001,0,0,0,2005,2014,MEDIUM,SO covered from 2005; GI covered from 2014
Maryland,2002,0,0,0,2005,2014,MEDIUM,SO covered from 2005; GI covered from 2014
Maryland,2003,0,0,0,2005,2014,MEDIUM,SO covered from 2005; GI covered from 2014
Maryland,2004,0,0,0,2005,2014,MEDIUM,SO covered from 2005; GI covered from 2014
Maryland,2005,1,0,1,2005,2014,MEDIUM,SO covered from 2005; GI covered from 2014
Maryland,2006,1,0,1,2005,2014,MEDIUM,SO covered from 2005; GI covered from 2014
Maryland,2007,1,0,1,2005,2014,MEDIUM,SO covered from 2005; GI covered from 2014
Maryland,2008,1,0,1,2005,2014,MEDIUM,SO covered from 2005; GI covered from 2014
Maryland,2009,1,0,1,2005,2014,MEDIUM,SO covered from 2005; GI covered from 2014
Maryland,2010,1,0,1,2005,2014,MEDIUM,SO covered from 2005; GI covered from 2014
Maryland,2011,1,0,1,2005,2014,MEDIUM,SO covered from 2005; GI covered from 2014
Maryland,2012,1,0,1,2005,2014,MEDIUM,SO covered from 2005; GI covered from 2014
Maryland,2013,1,0,1,2005,2014,MEDIUM,SO covered from 2005; GI covered from 2014
Maryland,2014,1,1,2,2005,2014,MEDIUM,SO covered from 2005; GI covered from 2014
Maryland,2015,1,1,2,2005,2014,MEDIUM,SO covered from 2005; GI covered from 2014
Maryland,2016,1,1,2,2005,2014,MEDIUM,SO covered from 2005; GI covered from 2014
Maryland,2017,1,1,2,2005,2014,MEDIUM,SO covered from 2005; GI covered from 2014
Maryland,2018,1,1,2,2005,2014,MEDIUM,SO covered from 2005; GI covered from 2014
Maryland,2019,1,1,2,2005,2014,MEDIUM,SO covered from 2005; GI covered from 2014
Maryland,2020,1,1,2,2005,2014,MEDIUM,SO covered from 2005; GI covered from 2014
Maryland,2021,1,1,2,2005,2014,MEDIUM,SO covered from 2005; GI covered from 2014
Maryland,2022,1,1,2,2005,2014,MEDIUM,SO covered from 2005; GI covered from 2014
Maryland,2023,1,1,2,2005,2014,MEDIUM,SO covered from 2005; GI covered from 2014
Maryland,2024,1,1,2,2005,2014,MEDIUM,SO covered from 2005; GI covered from 2014
Massachusetts,1991,1,0,1,1990,,HIGH,SO covered from 1990; GI not covered as of 2024
Massachusetts,1992,1,0,1,1990,,HIGH,SO covered from 1990; GI not covered as of 2024
Massachusetts,1993,1,0,1,1990,,HIGH,SO covered from 1990; GI not covered as of 2024
Massachusetts,1994,1,0,1,1990,,HIGH,SO covered from 1990; GI not covered as of 2024
Massachusetts,1995,1,0,1,1990,,HIGH,SO covered from 1990; GI not covered as of 2024
Massachusetts,1996,1,0,1,1990,,HIGH,SO covered from 1990; GI not covered as of 2024
Massachusetts,1997,1,0,1,1990,,HIGH,SO covered from 1990; GI not covered as of 2024
Massachusetts,1998,1,0,1,1990,,HIGH,SO covered from 1990; GI not covered as of 2024
Massachusetts,1999,1,0,1,1990,,HIGH,SO covered from 1990; GI not covered as of 2024
Massachusetts,2000,1,0,1,1990,,HIGH,SO covered from 1990; GI not covered as of 2024
Massachusetts,2001,1,0,1,1990,,HIGH,SO covered from 1990; GI not covered as of 2024
Massachusetts,2002,1,0,1,1990,,HIGH,SO covered from 1990; GI not covered as of 2024
Massachusetts,2003,1,0,1,1990,,HIGH,SO covered from 1990; GI not covered as of 2024
Massachusetts,2004,1,0,1,1990,,HIGH,SO covered from 1990; GI not covered as of 2024
Massachusetts,2005,1,0,1,1990,,HIGH,SO covered from 1990; GI not covered as of 2024
Massachusetts,2006,1,0,1,1990,,HIGH,SO covered from 1990; GI not covered as of 2024
Massachusetts,2007,1,0,1,1990,,HIGH,SO covered from 1990; GI not covered as of 2024
Massachusetts,2008,1,0,1,1990,,HIGH,SO covered from 1990; GI not covered as of 2024
Massachusetts,2009,1,0,1,1990,,HIGH,SO covered from 1990; GI not covered as of 2024
Massachusetts,2010,1,0,1,1990,,HIGH,SO covered from 1990; GI not covered as of 2024
Massachusetts,2011,1,0,1,1990,,HIGH,SO covered from 1990; GI not covered as of 2024
Massachusetts,2012,1,0,1,1990,,HIGH,SO covered from 1990; GI not covered as of 2024
Massachusetts,2013,1,0,1,1990,,HIGH,SO covered from 1990; GI not covered as of 2024
Massachusetts,2014,1,0,1,1990,,HIGH,SO covered from 1990; GI not covered as of 2024
Massachusetts,2015,1,0,1,1990,,HIGH,SO covered from 1990; GI not covered as of 2024
Massachusetts,2016,1,0,1,1990,,HIGH,SO covered from 1990; GI not covered as of 2024
Massachusetts,2017,1,0,1,1990,,HIGH,SO covered from 1990; GI not covered as of 2024
Massachusetts,2018,1,0,1,1990,,HIGH,SO covered from 1990; GI not covered as of 2024
Massachusetts,2019,1,0,1,1990,,HIGH,SO covered from 1990; GI not covered as of 2024
Massachusetts,2020,1,0,1,1990,,HIGH,SO covered from 1990; GI not covered as of 2024
Massachusetts,2021,1,0,1,1990,,HIGH,SO covered from 1990; GI not covered as of 2024
Massachusetts,2022,1,0,1,1990,,HIGH,SO covered from 1990; GI not covered as of 2024
Massachusetts,2023,1,0,1,1990,,HIGH,SO covered from 1990; GI not covered as of 2024
Massachusetts,2024,1,0,1,1990,,HIGH,SO covered from 1990; GI not covered as of 2024
Michigan,1991,0,0,0,,,HIGH,No state hate crime law covering SO or GI
Michigan,1992,0,0,0,,,HIGH,No state hate crime law covering SO or GI
Michigan,1993,0,0,0,,,HIGH,No state hate crime law covering SO or GI
Michigan,1994,0,0,0,,,HIGH,No state hate crime law covering SO or GI
Michigan,1995,0,0,0,,,HIGH,No state hate crime law covering SO or GI
Michigan,1996,0,0,0,,,HIGH,No state hate crime law covering SO or GI
Michigan,1997,0,0,0,,,HIGH,No state hate crime law covering SO or GI
Michigan,1998,0,0,0,,,HIGH,No state hate crime law covering SO or GI
Michigan,1999,0,0,0,,,HIGH,No state hate crime law covering SO or GI
Michigan,2000,0,0,0,,,HIGH,No state hate crime law covering SO or GI
Michigan,2001,0,0,0,,,HIGH,No state hate crime law covering SO or GI
Michigan,2002,0,0,0,,,HIGH,No state hate crime law covering SO or GI
Michigan,2003,0,0,0,,,HIGH,No state hate crime law covering SO or GI
Michigan,2004,0,0,0,,,HIGH,No state hate crime law covering SO or GI
Michigan,2005,0,0,0,,,HIGH,No state hate crime law covering SO or GI
Michigan,2006,0,0,0,,,HIGH,No state hate crime law covering SO or GI
Michigan,2007,0,0,0,,,HIGH,No state hate crime law covering SO or GI
Michigan,2008,0,0,0,,,HIGH,No state hate crime law covering SO or GI
Michigan,2009,0,0,0,,,HIGH,No state hate crime law covering SO or GI
Michigan,2010,0,0,0,,,HIGH,No state hate crime law covering SO or GI
Michigan,2011,0,0,0,,,HIGH,No state hate crime law covering SO or GI
Michigan,2012,0,0,0,,,HIGH,No state hate crime law covering SO or GI
Michigan,2013,0,0,0,,,HIGH,No state hate crime law covering SO or GI
Michigan,2014,0,0,0,,,HIGH,No state hate crime law covering SO or GI
Michigan,2015,0,0,0,,,HIGH,No state hate crime law covering SO or GI
Michigan,2016,0,0,0,,,HIGH,No state hate crime law covering SO or GI
Michigan,2017,0,0,0,,,HIGH,No state hate crime law covering SO or GI
Michigan,2018,0,0,0,,,HIGH,No state hate crime law covering SO or GI
Michigan,2019,0,0,0,,,HIGH,No state hate crime law covering SO or GI
Michigan,2020,0,0,0,,,HIGH,No state hate crime law covering SO or GI
Michigan,2021,0,0,0,,,HIGH,No state hate crime law covering SO or GI
Michigan,2022,0,0,0,,,HIGH,No state hate crime law covering SO or GI
Michigan,2023,0,0,0,,,HIGH,No state hate crime law covering SO or GI
Michigan,2024,0,0,0,,,HIGH,No state hate crime law covering SO or GI
Minnesota,1991,1,1,2,1989,1989,MEDIUM,SO covered from 1989; GI covered from 1989
Minnesota,1992,1,1,2,1989,1989,MEDIUM,SO covered from 1989; GI covered from 1989
Minnesota,1993,1,1,2,1989,1989,MEDIUM,SO covered from 1989; GI covered from 1989
Minnesota,1994,1,1,2,1989,1989,MEDIUM,SO covered from 1989; GI covered from 1989
Minnesota,1995,1,1,2,1989,1989,MEDIUM,SO covered from 1989; GI covered from 1989
Minnesota,1996,1,1,2,1989,1989,MEDIUM,SO covered from 1989; GI covered from 1989
Minnesota,1997,1,1,2,1989,1989,MEDIUM,SO covered from 1989; GI covered from 1989
Minnesota,1998,1,1,2,1989,1989,MEDIUM,SO covered from 1989; GI covered from 1989
Minnesota,1999,1,1,2,1989,1989,MEDIUM,SO covered from 1989; GI covered from 1989
Minnesota,2000,1,1,2,1989,1989,MEDIUM,SO covered from 1989; GI covered from 1989
Minnesota,2001,1,1,2,1989,1989,MEDIUM,SO covered from 1989; GI covered from 1989
Minnesota,2002,1,1,2,1989,1989,MEDIUM,SO covered from 1989; GI covered from 1989
Minnesota,2003,1,1,2,1989,1989,MEDIUM,SO covered from 1989; GI covered from 1989
Minnesota,2004,1,1,2,1989,1989,MEDIUM,SO covered from 1989; GI covered from 1989
Minnesota,2005,1,1,2,1989,1989,MEDIUM,SO covered from 1989; GI covered from 1989
Minnesota,2006,1,1,2,1989,1989,MEDIUM,SO covered from 1989; GI covered from 1989
Minnesota,2007,1,1,2,1989,1989,MEDIUM,SO covered from 1989; GI covered from 1989
Minnesota,2008,1,1,2,1989,1989,MEDIUM,SO covered from 1989; GI covered from 1989
Minnesota,2009,1,1,2,1989,1989,MEDIUM,SO covered from 1989; GI covered from 1989
Minnesota,2010,1,1,2,1989,1989,MEDIUM,SO covered from 1989; GI covered from 1989
Minnesota,2011,1,1,2,1989,1989,MEDIUM,SO covered from 1989; GI covered from 1989
Minnesota,2012,1,1,2,1989,1989,MEDIUM,SO covered from 1989; GI covered from 1989
Minnesota,2013,1,1,2,1989,1989,MEDIUM,SO covered from 1989; GI covered from 1989
Minnesota,2014,1,1,2,1989,1989,MEDIUM,SO covered from 1989; GI covered from 1989
Minnesota,2015,1,1,2,1989,1989,MEDIUM,SO covered from 1989; GI covered from 1989
Minnesota,2016,1,1,2,1989,1989,MEDIUM,SO covered from 1989; GI covered from 1989
Minnesota,2017,1,1,2,1989,1989,MEDIUM,SO covered from 1989; GI covered from 1989
Minnesota,2018,1,1,2,1989,1989,MEDIUM,SO covered from 1989; GI covered from 1989
Minnesota,2019,1,1,2,1989,1989,MEDIUM,SO covered from 1989; GI covered from 1989
Minnesota,2020,1,1,2,1989,1989,MEDIUM,SO covered from 1989; GI covered from 1989
Minnesota,2021,1,1,2,1989,1989,MEDIUM,SO covered from 1989; GI covered from 1989
Minnesota,2022,1,1,2,1989,1989,MEDIUM,SO covered from 1989; GI covered from 1989
Minnesota,2023,1,1,2,1989,1989,MEDIUM,SO covered from 1989; GI covered from 1989
Minnesota,2024,1,1,2,1989,1989,MEDIUM,SO covered from 1989; GI covered from 1989
Mississippi,1991,0,0,0,,,HIGH,No state hate crime law covering SO or GI
Mississippi,1992,0,0,0,,,HIGH,No state hate crime law covering SO or GI
Mississippi,1993,0,0,0,,,HIGH,No state hate crime law covering SO or GI
Mississippi,1994,0,0,0,,,HIGH,No state hate crime law covering SO or GI
Mississippi,1995,0,0,0,,,HIGH,No state hate crime law covering SO or GI
Mississippi,1996,0,0,0,,,HIGH,No state hate crime law covering SO or GI
Mississippi,1997,0,0,0,,,HIGH,No state hate crime law covering SO or GI
Mississippi,1998,0,0,0,,,HIGH,No state hate crime law covering SO or GI
Mississippi,1999,0,0,0,,,HIGH,No state hate crime law covering SO or GI
Mississippi,2000,0,0,0,,,HIGH,No state hate crime law covering SO or GI
Mississippi,2001,0,0,0,,,HIGH,No state hate crime law covering SO or GI
Mississippi,2002,0,0,0,,,HIGH,No state hate crime law covering SO or GI
Mississippi,2003,0,0,0,,,HIGH,No state hate crime law covering SO or GI
Mississippi,2004,0,0,0,,,HIGH,No state hate crime law covering SO or GI
Mississippi,2005,0,0,0,,,HIGH,No state hate crime law covering SO or GI
Mississippi,2006,0,0,0,,,HIGH,No state hate crime law covering SO or GI
Mississippi,2007,0,0,0,,,HIGH,No state hate crime law covering SO or GI
Mississippi,2008,0,0,0,,,HIGH,No state hate crime law covering SO or GI
Mississippi,2009,0,0,0,,,HIGH,No state hate crime law covering SO or GI
Mississippi,2010,0,0,0,,,HIGH,No state hate crime law covering SO or GI
Mississippi,2011,0,0,0,,,HIGH,No state hate crime law covering SO or GI
Mississippi,2012,0,0,0,,,HIGH,No state hate crime law covering SO or GI
Mississippi,2013,0,0,0,,,HIGH,No state hate crime law covering SO or GI
Mississippi,2014,0,0,0,,,HIGH,No state hate crime law covering SO or GI
Mississippi,2015,0,0,0,,,HIGH,No state hate crime law covering SO or GI
Mississippi,2016,0,0,0,,,HIGH,No state hate crime law covering SO or GI
Mississippi,2017,0,0,0,,,HIGH,No state hate crime law covering SO or GI
Mississippi,2018,0,0,0,,,HIGH,No state hate crime law covering SO or GI
Mississippi,2019,0,0,0,,,HIGH,No state hate crime law covering SO or GI
Mississippi,2020,0,0,0,,,HIGH,No state hate crime law covering SO or GI
Mississippi,2021,0,0,0,,,HIGH,No state hate crime law covering SO or GI
Mississippi,2022,0,0,0,,,HIGH,No state hate crime law covering SO or GI
Mississippi,2023,0,0,0,,,HIGH,No state hate crime law covering SO or GI
Mississippi,2024,0,0,0,,,HIGH,No state hate crime law covering SO or GI
Missouri,1991,0,0,0,,,HIGH,No state hate crime law covering SO or GI
Missouri,1992,0,0,0,,,HIGH,No state hate crime law covering SO or GI
Missouri,1993,0,0,0,,,HIGH,No state hate crime law covering SO or GI
Missouri,1994,0,0,0,,,HIGH,No state hate crime law covering SO or GI
Missouri,1995,0,0,0,,,HIGH,No state hate crime law covering SO or GI
Missouri,1996,0,0,0,,,HIGH,No state hate crime law covering SO or GI
Missouri,1997,0,0,0,,,HIGH,No state hate crime law covering SO or GI
Missouri,1998,0,0,0,,,HIGH,No state hate crime law covering SO or GI
Missouri,1999,0,0,0,,,HIGH,No state hate crime law covering SO or GI
Missouri,2000,0,0,0,,,HIGH,No state hate crime law covering SO or GI
Missouri,2001,0,0,0,,,HIGH,No state hate crime law covering SO or GI
Missouri,2002,0,0,0,,,HIGH,No state hate crime law covering SO or GI
Missouri,2003,0,0,0,,,HIGH,No state hate crime law covering SO or GI
Missouri,2004,0,0,0,,,HIGH,No state hate crime law covering SO or GI
Missouri,2005,0,0,0,,,HIGH,No state hate crime law covering SO or GI
Missouri,2006,0,0,0,,,HIGH,No state hate crime law covering SO or GI
Missouri,2007,0,0,0,,,HIGH,No state hate crime law covering SO or GI
Missouri,2008,0,0,0,,,HIGH,No state hate crime law covering SO or GI
Missouri,2009,0,0,0,,,HIGH,No state hate crime law covering SO or GI
Missouri,2010,0,0,0,,,HIGH,No state hate crime law covering SO or GI
Missouri,2011,0,0,0,,,HIGH,No state hate crime law covering SO or GI
Missouri,2012,0,0,0,,,HIGH,No state hate crime law covering SO or GI
Missouri,2013,0,0,0,,,HIGH,No state hate crime law covering SO or GI
Missouri,2014,0,0,0,,,HIGH,No state hate crime law covering SO or GI
Missouri,2015,0,0,0,,,HIGH,No state hate crime law covering SO or GI
Missouri,2016,0,0,0,,,HIGH,No state hate crime law covering SO or GI
Missouri,2017,0,0,0,,,HIGH,No state hate crime law covering SO or GI
Missouri,2018,0,0,0,,,HIGH,No state hate crime law covering SO or GI
Missouri,2019,0,0,0,,,HIGH,No state hate crime law covering SO or GI
Missouri,2020,0,0,0,,,HIGH,No state hate crime law covering SO or GI
Missouri,2021,0,0,0,,,HIGH,No state hate crime law covering SO or GI
Missouri,2022,0,0,0,,,HIGH,No state hate crime law covering SO or GI
Missouri,2023,0,0,0,,,HIGH,No state hate crime law covering SO or GI
Missouri,2024,0,0,0,,,HIGH,No state hate crime law covering SO or GI
Montana,1991,0,0,0,,,HIGH,No state hate crime law covering SO or GI
Montana,1992,0,0,0,,,HIGH,No state hate crime law covering SO or GI
Montana,1993,0,0,0,,,HIGH,No state hate crime law covering SO or GI
Montana,1994,0,0,0,,,HIGH,No state hate crime law covering SO or GI
Montana,1995,0,0,0,,,HIGH,No state hate crime law covering SO or GI
Montana,1996,0,0,0,,,HIGH,No state hate crime law covering SO or GI
Montana,1997,0,0,0,,,HIGH,No state hate crime law covering SO or GI
Montana,1998,0,0,0,,,HIGH,No state hate crime law covering SO or GI
Montana,1999,0,0,0,,,HIGH,No state hate crime law covering SO or GI
Montana,2000,0,0,0,,,HIGH,No state hate crime law covering SO or GI
Montana,2001,0,0,0,,,HIGH,No state hate crime law covering SO or GI
Montana,2002,0,0,0,,,HIGH,No state hate crime law covering SO or GI
Montana,2003,0,0,0,,,HIGH,No state hate crime law covering SO or GI
Montana,2004,0,0,0,,,HIGH,No state hate crime law covering SO or GI
Montana,2005,0,0,0,,,HIGH,No state hate crime law covering SO or GI
Montana,2006,0,0,0,,,HIGH,No state hate crime law covering SO or GI
Montana,2007,0,0,0,,,HIGH,No state hate crime law covering SO or GI
Montana,2008,0,0,0,,,HIGH,No state hate crime law covering SO or GI
Montana,2009,0,0,0,,,HIGH,No state hate crime law covering SO or GI
Montana,2010,0,0,0,,,HIGH,No state hate crime law covering SO or GI
Montana,2011,0,0,0,,,HIGH,No state hate crime law covering SO or GI
Montana,2012,0,0,0,,,HIGH,No state hate crime law covering SO or GI
Montana,2013,0,0,0,,,HIGH,No state hate crime law covering SO or GI
Montana,2014,0,0,0,,,HIGH,No state hate crime law covering SO or GI
Montana,2015,0,0,0,,,HIGH,No state hate crime law covering SO or GI
Montana,2016,0,0,0,,,HIGH,No state hate crime law covering SO or GI
Montana,2017,0,0,0,,,HIGH,No state hate crime law covering SO or GI
Montana,2018,0,0,0,,,HIGH,No state hate crime law covering SO or GI
Montana,2019,0,0,0,,,HIGH,No state hate crime law covering SO or GI
Montana,2020,0,0,0,,,HIGH,No state hate crime law covering SO or GI
Montana,2021,0,0,0,,,HIGH,No state hate crime law covering SO or GI
Montana,2022,0,0,0,,,HIGH,No state hate crime law covering SO or GI
Montana,2023,0,0,0,,,HIGH,No state hate crime law covering SO or GI
Montana,2024,0,0,0,,,HIGH,No state hate crime law covering SO or GI
Nebraska,1991,0,0,0,2002,,MEDIUM,SO covered from 2002; GI not covered as of 2024
Nebraska,1992,0,0,0,2002,,MEDIUM,SO covered from 2002; GI not covered as of 2024
Nebraska,1993,0,0,0,2002,,MEDIUM,SO covered from 2002; GI not covered as of 2024
Nebraska,1994,0,0,0,2002,,MEDIUM,SO covered from 2002; GI not covered as of 2024
Nebraska,1995,0,0,0,2002,,MEDIUM,SO covered from 2002; GI not covered as of 2024
Nebraska,1996,0,0,0,2002,,MEDIUM,SO covered from 2002; GI not covered as of 2024
Nebraska,1997,0,0,0,2002,,MEDIUM,SO covered from 2002; GI not covered as of 2024
Nebraska,1998,0,0,0,2002,,MEDIUM,SO covered from 2002; GI not covered as of 2024
Nebraska,1999,0,0,0,2002,,MEDIUM,SO covered from 2002; GI not covered as of 2024
Nebraska,2000,0,0,0,2002,,MEDIUM,SO covered from 2002; GI not covered as of 2024
Nebraska,2001,0,0,0,2002,,MEDIUM,SO covered from 2002; GI not covered as of 2024
Nebraska,2002,1,0,1,2002,,MEDIUM,SO covered from 2002; GI not covered as of 2024
Nebraska,2003,1,0,1,2002,,MEDIUM,SO covered from 2002; GI not covered as of 2024
Nebraska,2004,1,0,1,2002,,MEDIUM,SO covered from 2002; GI not covered as of 2024
Nebraska,2005,1,0,1,2002,,MEDIUM,SO covered from 2002; GI not covered as of 2024
Nebraska,2006,1,0,1,2002,,MEDIUM,SO covered from 2002; GI not covered as of 2024
Nebraska,2007,1,0,1,2002,,MEDIUM,SO covered from 2002; GI not covered as of 2024
Nebraska,2008,1,0,1,2002,,MEDIUM,SO covered from 2002; GI not covered as of 2024
Nebraska,2009,1,0,1,2002,,MEDIUM,SO covered from 2002; GI not covered as of 2024
Nebraska,2010,1,0,1,2002,,MEDIUM,SO covered from 2002; GI not covered as of 2024
Nebraska,2011,1,0,1,2002,,MEDIUM,SO covered from 2002; GI not covered as of 2024
Nebraska,2012,1,0,1,2002,,MEDIUM,SO covered from 2002; GI not covered as of 2024
Nebraska,2013,1,0,1,2002,,MEDIUM,SO covered from 2002; GI not covered as of 2024
Nebraska,2014,1,0,1,2002,,MEDIUM,SO covered from 2002; GI not covered as of 2024
Nebraska,2015,1,0,1,2002,,MEDIUM,SO covered from 2002; GI not covered as of 2024
Nebraska,2016,1,0,1,2002,,MEDIUM,SO covered from 2002; GI not covered as of 2024
Nebraska,2017,1,0,1,2002,,MEDIUM,SO covered from 2002; GI not covered as of 2024
Nebraska,2018,1,0,1,2002,,MEDIUM,SO covered from 2002; GI not covered as of 2024
Nebraska,2019,1,0,1,2002,,MEDIUM,SO covered from 2002; GI not covered as of 2024
Nebraska,2020,1,0,1,2002,,MEDIUM,SO covered from 2002; GI not covered as of 2024
Nebraska,2021,1,0,1,2002,,MEDIUM,SO covered from 2002; GI not covered as of 2024
Nebraska,2022,1,0,1,2002,,MEDIUM,SO covered from 2002; GI not covered as of 2024
Nebraska,2023,1,0,1,2002,,MEDIUM,SO covered from 2002; GI not covered as of 2024
Nebraska,2024,1,0,1,2002,,MEDIUM,SO covered from 2002; GI not covered as of 2024
Nevada,1991,0,0,0,1999,,HIGH,SO covered from 1999; GI not covered as of 2024
Nevada,1992,0,0,0,1999,,HIGH,SO covered from 1999; GI not covered as of 2024
Nevada,1993,0,0,0,1999,,HIGH,SO covered from 1999; GI not covered as of 2024
Nevada,1994,0,0,0,1999,,HIGH,SO covered from 1999; GI not covered as of 2024
Nevada,1995,0,0,0,1999,,HIGH,SO covered from 1999; GI not covered as of 2024
Nevada,1996,0,0,0,1999,,HIGH,SO covered from 1999; GI not covered as of 2024
Nevada,1997,0,0,0,1999,,HIGH,SO covered from 1999; GI not covered as of 2024
Nevada,1998,0,0,0,1999,,HIGH,SO covered from 1999; GI not covered as of 2024
Nevada,1999,1,0,1,1999,,HIGH,SO covered from 1999; GI not covered as of 2024
Nevada,2000,1,0,1,1999,,HIGH,SO covered from 1999; GI not covered as of 2024
Nevada,2001,1,0,1,1999,,HIGH,SO covered from 1999; GI not covered as of 2024
Nevada,2002,1,0,1,1999,,HIGH,SO covered from 1999; GI not covered as of 2024
Nevada,2003,1,0,1,1999,,HIGH,SO covered from 1999; GI not covered as of 2024
Nevada,2004,1,0,1,1999,,HIGH,SO covered from 1999; GI not covered as of 2024
Nevada,2005,1,0,1,1999,,HIGH,SO covered from 1999; GI not covered as of 2024
Nevada,2006,1,0,1,1999,,HIGH,SO covered from 1999; GI not covered as of 2024
Nevada,2007,1,0,1,1999,,HIGH,SO covered from 1999; GI not covered as of 2024
Nevada,2008,1,0,1,1999,,HIGH,SO covered from 1999; GI not covered as of 2024
Nevada,2009,1,0,1,1999,,HIGH,SO covered from 1999; GI not covered as of 2024
Nevada,2010,1,0,1,1999,,HIGH,SO covered from 1999; GI not covered as of 2024
Nevada,2011,1,0,1,1999,,HIGH,SO covered from 1999; GI not covered as of 2024
Nevada,2012,1,0,1,1999,,HIGH,SO covered from 1999; GI not covered as of 2024
Nevada,2013,1,0,1,1999,,HIGH,SO covered from 1999; GI not covered as of 2024
Nevada,2014,1,0,1,1999,,HIGH,SO covered from 1999; GI not covered as of 2024
Nevada,2015,1,0,1,1999,,HIGH,SO covered from 1999; GI not covered as of 2024
Nevada,2016,1,0,1,1999,,HIGH,SO covered from 1999; GI not covered as of 2024
Nevada,2017,1,0,1,1999,,HIGH,SO covered from 1999; GI not covered as of 2024
Nevada,2018,1,0,1,1999,,HIGH,SO covered from 1999; GI not covered as of 2024
Nevada,2019,1,0,1,1999,,HIGH,SO covered from 1999; GI not covered as of 2024
Nevada,2020,1,0,1,1999,,HIGH,SO covered from 1999; GI not covered as of 2024
Nevada,2021,1,0,1,1999,,HIGH,SO covered from 1999; GI not covered as of 2024
Nevada,2022,1,0,1,1999,,HIGH,SO covered from 1999; GI not covered as of 2024
Nevada,2023,1,0,1,1999,,HIGH,SO covered from 1999; GI not covered as of 2024
Nevada,2024,1,0,1,1999,,HIGH,SO covered from 1999; GI not covered as of 2024
New Hampshire,1991,1,0,1,1990,2018,HIGH,SO covered from 1990; GI covered from 2018
New Hampshire,1992,1,0,1,1990,2018,HIGH,SO covered from 1990; GI covered from 2018
New Hampshire,1993,1,0,1,1990,2018,HIGH,SO covered from 1990; GI covered from 2018
New Hampshire,1994,1,0,1,1990,2018,HIGH,SO covered from 1990; GI covered from 2018
New Hampshire,1995,1,0,1,1990,2018,HIGH,SO covered from 1990; GI covered from 2018
New Hampshire,1996,1,0,1,1990,2018,HIGH,SO covered from 1990; GI covered from 2018
New Hampshire,1997,1,0,1,1990,2018,HIGH,SO covered from 1990; GI covered from 2018
New Hampshire,1998,1,0,1,1990,2018,HIGH,SO covered from 1990; GI covered from 2018
New Hampshire,1999,1,0,1,1990,2018,HIGH,SO covered from 1990; GI covered from 2018
New Hampshire,2000,1,0,1,1990,2018,HIGH,SO covered from 1990; GI covered from 2018
New Hampshire,2001,1,0,1,1990,2018,HIGH,SO covered from 1990; GI covered from 2018
New Hampshire,2002,1,0,1,1990,2018,HIGH,SO covered from 1990; GI covered from 2018
New Hampshire,2003,1,0,1,1990,2018,HIGH,SO covered from 1990; GI covered from 2018
New Hampshire,2004,1,0,1,1990,2018,HIGH,SO covered from 1990; GI covered from 2018
New Hampshire,2005,1,0,1,1990,2018,HIGH,SO covered from 1990; GI covered from 2018
New Hampshire,2006,1,0,1,1990,2018,HIGH,SO covered from 1990; GI covered from 2018
New Hampshire,2007,1,0,1,1990,2018,HIGH,SO covered from 1990; GI covered from 2018
New Hampshire,2008,1,0,1,1990,2018,HIGH,SO covered from 1990; GI covered from 2018
New Hampshire,2009,1,0,1,1990,2018,HIGH,SO covered from 1990; GI covered from 2018
New Hampshire,2010,1,0,1,1990,2018,HIGH,SO covered from 1990; GI covered from 2018
New Hampshire,2011,1,0,1,1990,2018,HIGH,SO covered from 1990; GI covered from 2018
New Hampshire,2012,1,0,1,1990,2018,HIGH,SO covered from 1990; GI covered from 2018
New Hampshire,2013,1,0,1,1990,2018,HIGH,SO covered from 1990; GI covered from 2018
New Hampshire,2014,1,0,1,1990,2018,HIGH,SO covered from 1990; GI covered from 2018
New Hampshire,2015,1,0,1,1990,2018,HIGH,SO covered from 1990; GI covered from 2018
New Hampshire,2016,1,0,1,1990,2018,HIGH,SO covered from 1990; GI covered from 2018
New Hampshire,2017,1,0,1,1990,2018,HIGH,SO covered from 1990; GI covered from 2018
New Hampshire,2018,1,1,2,1990,2018,HIGH,SO covered from 1990; GI covered from 2018
New Hampshire,2019,1,1,2,1990,2018,HIGH,SO covered from 1990; GI covered from 2018
New Hampshire,2020,1,1,2,1990,2018,HIGH,SO covered from 1990; GI covered from 2018
New Hampshire,2021,1,1,2,1990,2018,HIGH,SO covered from 1990; GI covered from 2018
New Hampshire,2022,1,1,2,1990,2018,HIGH,SO covered from 1990; GI covered from 2018
New Hampshire,2023,1,1,2,1990,2018,HIGH,SO covered from 1990; GI covered from 2018
New Hampshire,2024,1,1,2,1990,2018,HIGH,SO covered from 1990; GI covered from 2018
New Jersey,1991,1,0,1,1990,2007,HIGH,SO covered from 1990; GI covered from 2007
New Jersey,1992,1,0,1,1990,2007,HIGH,SO covered from 1990; GI covered from 2007
New Jersey,1993,1,0,1,1990,2007,HIGH,SO covered from 1990; GI covered from 2007
New Jersey,1994,1,0,1,1990,2007,HIGH,SO covered from 1990; GI covered from 2007
New Jersey,1995,1,0,1,1990,2007,HIGH,SO covered from 1990; GI covered from 2007
New Jersey,1996,1,0,1,1990,2007,HIGH,SO covered from 1990; GI covered from 2007
New Jersey,1997,1,0,1,1990,2007,HIGH,SO covered from 1990; GI covered from 2007
New Jersey,1998,1,0,1,1990,2007,HIGH,SO covered from 1990; GI covered from 2007
New Jersey,1999,1,0,1,1990,2007,HIGH,SO covered from 1990; GI covered from 2007
New Jersey,2000,1,0,1,1990,2007,HIGH,SO covered from 1990; GI covered from 2007
New Jersey,2001,1,0,1,1990,2007,HIGH,SO covered from 1990; GI covered from 2007
New Jersey,2002,1,0,1,1990,2007,HIGH,SO covered from 1990; GI covered from 2007
New Jersey,2003,1,0,1,1990,2007,HIGH,SO covered from 1990; GI covered from 2007
New Jersey,2004,1,0,1,1990,2007,HIGH,SO covered from 1990; GI covered from 2007
New Jersey,2005,1,0,1,1990,2007,HIGH,SO covered from 1990; GI covered from 2007
New Jersey,2006,1,0,1,1990,2007,HIGH,SO covered from 1990; GI covered from 2007
New Jersey,2007,1,1,2,1990,2007,HIGH,SO covered from 1990; GI covered from 2007
New Jersey,2008,1,1,2,1990,2007,HIGH,SO covered from 1990; GI covered from 2007
New Jersey,2009,1,1,2,1990,2007,HIGH,SO covered from 1990; GI covered from 2007
New Jersey,2010,1,1,2,1990,2007,HIGH,SO covered from 1990; GI covered from 2007
New Jersey,2011,1,1,2,1990,2007,HIGH,SO covered from 1990; GI covered from 2007
New Jersey,2012,1,1,2,1990,2007,HIGH,SO covered from 1990; GI covered from 2007
New Jersey,2013,1,1,2,1990,2007,HIGH,SO covered from 1990; GI covered from 2007
New Jersey,2014,1,1,2,1990,2007,HIGH,SO covered from 1990; GI covered from 2007
New Jersey,2015,1,1,2,1990,2007,HIGH,SO covered from 1990; GI covered from 2007
New Jersey,2016,1,1,2,1990,2007,HIGH,SO covered from 1990; GI covered from 2007
New Jersey,2017,1,1,2,1990,2007,HIGH,SO covered from 1990; GI covered from 2007
New Jersey,2018,1,1,2,1990,2007,HIGH,SO covered from 1990; GI covered from 2007
New Jersey,2019,1,1,2,1990,2007,HIGH,SO covered from 1990; GI covered from 2007
New Jersey,2020,1,1,2,1990,2007,HIGH,SO covered from 1990; GI covered from 2007
New Jersey,2021,1,1,2,1990,2007,HIGH,SO covered from 1990; GI covered from 2007
New Jersey,2022,1,1,2,1990,2007,HIGH,SO covered from 1990; GI covered from 2007
New Jersey,2023,1,1,2,1990,2007,HIGH,SO covered from 1990; GI covered from 2007
New Jersey,2024,1,1,2,1990,2007,HIGH,SO covered from 1990; GI covered from 2007
New Mexico,1991,0,0,0,2003,2003,MEDIUM,SO covered from 2003; GI covered from 2003
New Mexico,1992,0,0,0,2003,2003,MEDIUM,SO covered from 2003; GI covered from 2003
New Mexico,1993,0,0,0,2003,2003,MEDIUM,SO covered from 2003; GI covered from 2003
New Mexico,1994,0,0,0,2003,2003,MEDIUM,SO covered from 2003; GI covered from 2003
New Mexico,1995,0,0,0,2003,2003,MEDIUM,SO covered from 2003; GI covered from 2003
New Mexico,1996,0,0,0,2003,2003,MEDIUM,SO covered from 2003; GI covered from 2003
New Mexico,1997,0,0,0,2003,2003,MEDIUM,SO covered from 2003; GI covered from 2003
New Mexico,1998,0,0,0,2003,2003,MEDIUM,SO covered from 2003; GI covered from 2003
New Mexico,1999,0,0,0,2003,2003,MEDIUM,SO covered from 2003; GI covered from 2003
New Mexico,2000,0,0,0,2003,2003,MEDIUM,SO covered from 2003; GI covered from 2003
New Mexico,2001,0,0,0,2003,2003,MEDIUM,SO covered from 2003; GI covered from 2003
New Mexico,2002,0,0,0,2003,2003,MEDIUM,SO covered from 2003; GI covered from 2003
New Mexico,2003,1,1,2,2003,2003,MEDIUM,SO covered from 2003; GI covered from 2003
New Mexico,2004,1,1,2,2003,2003,MEDIUM,SO covered from 2003; GI covered from 2003
New Mexico,2005,1,1,2,2003,2003,MEDIUM,SO covered from 2003; GI covered from 2003
New Mexico,2006,1,1,2,2003,2003,MEDIUM,SO covered from 2003; GI covered from 2003
New Mexico,2007,1,1,2,2003,2003,MEDIUM,SO covered from 2003; GI covered from 2003
New Mexico,2008,1,1,2,2003,2003,MEDIUM,SO covered from 2003; GI covered from 2003
New Mexico,2009,1,1,2,2003,2003,MEDIUM,SO covered from 2003; GI covered from 2003
New Mexico,2010,1,1,2,2003,2003,MEDIUM,SO covered from 2003; GI covered from 2003
New Mexico,2011,1,1,2,2003,2003,MEDIUM,SO covered from 2003; GI covered from 2003
New Mexico,2012,1,1,2,2003,2003,MEDIUM,SO covered from 2003; GI covered from 2003
New Mexico,2013,1,1,2,2003,2003,MEDIUM,SO covered from 2003; GI covered from 2003
New Mexico,2014,1,1,2,2003,2003,MEDIUM,SO covered from 2003; GI covered from 2003
New Mexico,2015,1,1,2,2003,2003,MEDIUM,SO covered from 2003; GI covered from 2003
New Mexico,2016,1,1,2,2003,2003,MEDIUM,SO covered from 2003; GI covered from 2003
New Mexico,2017,1,1,2,2003,2003,MEDIUM,SO covered from 2003; GI covered from 2003
New Mexico,2018,1,1,2,2003,2003,MEDIUM,SO covered from 2003; GI covered from 2003
New Mexico,2019,1,1,2,2003,2003,MEDIUM,SO covered from 2003; GI covered from 2003
New Mexico,2020,1,1,2,2003,2003,MEDIUM,SO covered from 2003; GI covered from 2003
New Mexico,2021,1,1,2,2003,2003,MEDIUM,SO covered from 2003; GI covered from 2003
New Mexico,2022,1,1,2,2003,2003,MEDIUM,SO covered from 2003; GI covered from 2003
New Mexico,2023,1,1,2,2003,2003,MEDIUM,SO covered from 2003; GI covered from 2003
New Mexico,2024,1,1,2,2003,2003,MEDIUM,SO covered from 2003; GI covered from 2003
New York,1991,0,0,0,2000,2000,HIGH,SO covered from 2000; GI covered from 2000
New York,1992,0,0,0,2000,2000,HIGH,SO covered from 2000; GI covered from 2000
New York,1993,0,0,0,2000,2000,HIGH,SO covered from 2000; GI covered from 2000
New York,1994,0,0,0,2000,2000,HIGH,SO covered from 2000; GI covered from 2000
New York,1995,0,0,0,2000,2000,HIGH,SO covered from 2000; GI covered from 2000
New York,1996,0,0,0,2000,2000,HIGH,SO covered from 2000; GI covered from 2000
New York,1997,0,0,0,2000,2000,HIGH,SO covered from 2000; GI covered from 2000
New York,1998,0,0,0,2000,2000,HIGH,SO covered from 2000; GI covered from 2000
New York,1999,0,0,0,2000,2000,HIGH,SO covered from 2000; GI covered from 2000
New York,2000,1,1,2,2000,2000,HIGH,SO covered from 2000; GI covered from 2000
New York,2001,1,1,2,2000,2000,HIGH,SO covered from 2000; GI covered from 2000
New York,2002,1,1,2,2000,2000,HIGH,SO covered from 2000; GI covered from 2000
New York,2003,1,1,2,2000,2000,HIGH,SO covered from 2000; GI covered from 2000
New York,2004,1,1,2,2000,2000,HIGH,SO covered from 2000; GI covered from 2000
New York,2005,1,1,2,2000,2000,HIGH,SO covered from 2000; GI covered from 2000
New York,2006,1,1,2,2000,2000,HIGH,SO covered from 2000; GI covered from 2000
New York,2007,1,1,2,2000,2000,HIGH,SO covered from 2000; GI covered from 2000
New York,2008,1,1,2,2000,2000,HIGH,SO covered from 2000; GI covered from 2000
New York,2009,1,1,2,2000,2000,HIGH,SO covered from 2000; GI covered from 2000
New York,2010,1,1,2,2000,2000,HIGH,SO covered from 2000; GI covered from 2000
New York,2011,1,1,2,2000,2000,HIGH,SO covered from 2000; GI covered from 2000
New York,2012,1,1,2,2000,2000,HIGH,SO covered from 2000; GI covered from 2000
New York,2013,1,1,2,2000,2000,HIGH,SO covered from 2000; GI covered from 2000
New York,2014,1,1,2,2000,2000,HIGH,SO covered from 2000; GI covered from 2000
New York,2015,1,1,2,2000,2000,HIGH,SO covered from 2000; GI covered from 2000
New York,2016,1,1,2,2000,2000,HIGH,SO covered from 2000; GI covered from 2000
New York,2017,1,1,2,2000,2000,HIGH,SO covered from 2000; GI covered from 2000
New York,2018,1,1,2,2000,2000,HIGH,SO covered from 2000; GI covered from 2000
New York,2019,1,1,2,2000,2000,HIGH,SO covered from 2000; GI covered from 2000
New York,2020,1,1,2,2000,2000,HIGH,SO covered from 2000; GI covered from 2000
New York,2021,1,1,2,2000,2000,HIGH,SO covered from 2000; GI covered from 2000
New York,2022,1,1,2,2000,2000,HIGH,SO covered from 2000; GI covered from 2000
New York,2023,1,1,2,2000,2000,HIGH,SO covered from 2000; GI covered from 2000
New York,2024,1,1,2,2000,2000,HIGH,SO covered from 2000; GI covered from 2000
North Carolina,1991,0,0,0,2012,,MEDIUM,SO covered from 2012; GI not covered as of 2024
North Carolina,1992,0,0,0,2012,,MEDIUM,SO covered from 2012; GI not covered as of 2024
North Carolina,1993,0,0,0,2012,,MEDIUM,SO covered from 2012; GI not covered as of 2024
North Carolina,1994,0,0,0,2012,,MEDIUM,SO covered from 2012; GI not covered as of 2024
North Carolina,1995,0,0,0,2012,,MEDIUM,SO covered from 2012; GI not covered as of 2024
North Carolina,1996,0,0,0,2012,,MEDIUM,SO covered from 2012; GI not covered as of 2024
North Carolina,1997,0,0,0,2012,,MEDIUM,SO covered from 2012; GI not covered as of 2024
North Carolina,1998,0,0,0,2012,,MEDIUM,SO covered from 2012; GI not covered as of 2024
North Carolina,1999,0,0,0,2012,,MEDIUM,SO covered from 2012; GI not covered as of 2024
North Carolina,2000,0,0,0,2012,,MEDIUM,SO covered from 2012; GI not covered as of 2024
North Carolina,2001,0,0,0,2012,,MEDIUM,SO covered from 2012; GI not covered as of 2024
North Carolina,2002,0,0,0,2012,,MEDIUM,SO covered from 2012; GI not covered as of 2024
North Carolina,2003,0,0,0,2012,,MEDIUM,SO covered from 2012; GI not covered as of 2024
North Carolina,2004,0,0,0,2012,,MEDIUM,SO covered from 2012; GI not covered as of 2024
North Carolina,2005,0,0,0,2012,,MEDIUM,SO covered from 2012; GI not covered as of 2024
North Carolina,2006,0,0,0,2012,,MEDIUM,SO covered from 2012; GI not covered as of 2024
North Carolina,2007,0,0,0,2012,,MEDIUM,SO covered from 2012; GI not covered as of 2024
North Carolina,2008,0,0,0,2012,,MEDIUM,SO covered from 2012; GI not covered as of 2024
North Carolina,2009,0,0,0,2012,,MEDIUM,SO covered from 2012; GI not covered as of 2024
North Carolina,2010,0,0,0,2012,,MEDIUM,SO covered from 2012; GI not covered as of 2024
North Carolina,2011,0,0,0,2012,,MEDIUM,SO covered from 2012; GI not covered as of 2024
North Carolina,2012,1,0,1,2012,,MEDIUM,SO covered from 2012; GI not covered as of 2024
North Carolina,2013,1,0,1,2012,,MEDIUM,SO covered from 2012; GI not covered as of 2024
North Carolina,2014,1,0,1,2012,,MEDIUM,SO covered from 2012; GI not covered as of 2024
North Carolina,2015,1,0,1,2012,,MEDIUM,SO covered from 2012; GI not covered as of 2024
North Carolina,2016,1,0,1,2012,,MEDIUM,SO covered from 2012; GI not covered as of 2024
North Carolina,2017,1,0,1,2012,,MEDIUM,SO covered from 2012; GI not covered as of 2024
North Carolina,2018,1,0,1,2012,,MEDIUM,SO covered from 2012; GI not covered as of 2024
North Carolina,2019,1,0,1,2012,,MEDIUM,SO covered from 2012; GI not covered as of 2024
North Carolina,2020,1,0,1,2012,,MEDIUM,SO covered from 2012; GI not covered as of 2024
North Carolina,2021,1,0,1,2012,,MEDIUM,SO covered from 2012; GI not covered as of 2024
North Carolina,2022,1,0,1,2012,,MEDIUM,SO covered from 2012; GI not covered as of 2024
North Carolina,2023,1,0,1,2012,,MEDIUM,SO covered from 2012; GI not covered as of 2024
North Carolina,2024,1,0,1,2012,,MEDIUM,SO covered from 2012; GI not covered as of 2024
North Dakota,1991,0,0,0,,,HIGH,No state hate crime law covering SO or GI
North Dakota,1992,0,0,0,,,HIGH,No state hate crime law covering SO or GI
North Dakota,1993,0,0,0,,,HIGH,No state hate crime law covering SO or GI
North Dakota,1994,0,0,0,,,HIGH,No state hate crime law covering SO or GI
North Dakota,1995,0,0,0,,,HIGH,No state hate crime law covering SO or GI
North Dakota,1996,0,0,0,,,HIGH,No state hate crime law covering SO or GI
North Dakota,1997,0,0,0,,,HIGH,No state hate crime law covering SO or GI
North Dakota,1998,0,0,0,,,HIGH,No state hate crime law covering SO or GI
North Dakota,1999,0,0,0,,,HIGH,No state hate crime law covering SO or GI
North Dakota,2000,0,0,0,,,HIGH,No state hate crime law covering SO or GI
North Dakota,2001,0,0,0,,,HIGH,No state hate crime law covering SO or GI
North Dakota,2002,0,0,0,,,HIGH,No state hate crime law covering SO or GI
North Dakota,2003,0,0,0,,,HIGH,No state hate crime law covering SO or GI
North Dakota,2004,0,0,0,,,HIGH,No state hate crime law covering SO or GI
North Dakota,2005,0,0,0,,,HIGH,No state hate crime law covering SO or GI
North Dakota,2006,0,0,0,,,HIGH,No state hate crime law covering SO or GI
North Dakota,2007,0,0,0,,,HIGH,No state hate crime law covering SO or GI
North Dakota,2008,0,0,0,,,HIGH,No state hate crime law covering SO or GI
North Dakota,2009,0,0,0,,,HIGH,No state hate crime law covering SO or GI
North Dakota,2010,0,0,0,,,HIGH,No state hate crime law covering SO or GI
North Dakota,2011,0,0,0,,,HIGH,No state hate crime law covering SO or GI
North Dakota,2012,0,0,0,,,HIGH,No state hate crime law covering SO or GI
North Dakota,2013,0,0,0,,,HIGH,No state hate crime law covering SO or GI
North Dakota,2014,0,0,0,,,HIGH,No state hate crime law covering SO or GI
North Dakota,2015,0,0,0,,,HIGH,No state hate crime law covering SO or GI
North Dakota,2016,0,0,0,,,HIGH,No state hate crime law covering SO or GI
North Dakota,2017,0,0,0,,,HIGH,No state hate crime law covering SO or GI
North Dakota,2018,0,0,0,,,HIGH,No state hate crime law covering SO or GI
North Dakota,2019,0,0,0,,,HIGH,No state hate crime law covering SO or GI
North Dakota,2020,0,0,0,,,HIGH,No state hate crime law covering SO or GI
North Dakota,2021,0,0,0,,,HIGH,No state hate crime law covering SO or GI
North Dakota,2022,0,0,0,,,HIGH,No state hate crime law covering SO or GI
North Dakota,2023,0,0,0,,,HIGH,No state hate crime law covering SO or GI
North Dakota,2024,0,0,0,,,HIGH,No state hate crime law covering SO or GI
Ohio,1991,0,0,0,,,HIGH,No state hate crime law covering SO or GI
Ohio,1992,0,0,0,,,HIGH,No state hate crime law covering SO or GI
Ohio,1993,0,0,0,,,HIGH,No state hate crime law covering SO or GI
Ohio,1994,0,0,0,,,HIGH,No state hate crime law covering SO or GI
Ohio,1995,0,0,0,,,HIGH,No state hate crime law covering SO or GI
Ohio,1996,0,0,0,,,HIGH,No state hate crime law covering SO or GI
Ohio,1997,0,0,0,,,HIGH,No state hate crime law covering SO or GI
Ohio,1998,0,0,0,,,HIGH,No state hate crime law covering SO or GI
Ohio,1999,0,0,0,,,HIGH,No state hate crime law covering SO or GI
Ohio,2000,0,0,0,,,HIGH,No state hate crime law covering SO or GI
Ohio,2001,0,0,0,,,HIGH,No state hate crime law covering SO or GI
Ohio,2002,0,0,0,,,HIGH,No state hate crime law covering SO or GI
Ohio,2003,0,0,0,,,HIGH,No state hate crime law covering SO or GI
Ohio,2004,0,0,0,,,HIGH,No state hate crime law covering SO or GI
Ohio,2005,0,0,0,,,HIGH,No state hate crime law covering SO or GI
Ohio,2006,0,0,0,,,HIGH,No state hate crime law covering SO or GI
Ohio,2007,0,0,0,,,HIGH,No state hate crime law covering SO or GI
Ohio,2008,0,0,0,,,HIGH,No state hate crime law covering SO or GI
Ohio,2009,0,0,0,,,HIGH,No state hate crime law covering SO or GI
Ohio,2010,0,0,0,,,HIGH,No state hate crime law covering SO or GI
Ohio,2011,0,0,0,,,HIGH,No state hate crime law covering SO or GI
Ohio,2012,0,0,0,,,HIGH,No state hate crime law covering SO or GI
Ohio,2013,0,0,0,,,HIGH,No state hate crime law covering SO or GI
Ohio,2014,0,0,0,,,HIGH,No state hate crime law covering SO or GI
Ohio,2015,0,0,0,,,HIGH,No state hate crime law covering SO or GI
Ohio,2016,0,0,0,,,HIGH,No state hate crime law covering SO or GI
Ohio,2017,0,0,0,,,HIGH,No state hate crime law covering SO or GI
Ohio,2018,0,0,0,,,HIGH,No state hate crime law covering SO or GI
Ohio,2019,0,0,0,,,HIGH,No state hate crime law covering SO or GI
Ohio,2020,0,0,0,,,HIGH,No state hate crime law covering SO or GI
Ohio,2021,0,0,0,,,HIGH,No state hate crime law covering SO or GI
Ohio,2022,0,0,0,,,HIGH,No state hate crime law covering SO or GI
Ohio,2023,0,0,0,,,HIGH,No state hate crime law covering SO or GI
Ohio,2024,0,0,0,,,HIGH,No state hate crime law covering SO or GI
Oklahoma,1991,0,0,0,,,HIGH,No state hate crime law covering SO or GI
Oklahoma,1992,0,0,0,,,HIGH,No state hate crime law covering SO or GI
Oklahoma,1993,0,0,0,,,HIGH,No state hate crime law covering SO or GI
Oklahoma,1994,0,0,0,,,HIGH,No state hate crime law covering SO or GI
Oklahoma,1995,0,0,0,,,HIGH,No state hate crime law covering SO or GI
Oklahoma,1996,0,0,0,,,HIGH,No state hate crime law covering SO or GI
Oklahoma,1997,0,0,0,,,HIGH,No state hate crime law covering SO or GI
Oklahoma,1998,0,0,0,,,HIGH,No state hate crime law covering SO or GI
Oklahoma,1999,0,0,0,,,HIGH,No state hate crime law covering SO or GI
Oklahoma,2000,0,0,0,,,HIGH,No state hate crime law covering SO or GI
Oklahoma,2001,0,0,0,,,HIGH,No state hate crime law covering SO or GI
Oklahoma,2002,0,0,0,,,HIGH,No state hate crime law covering SO or GI
Oklahoma,2003,0,0,0,,,HIGH,No state hate crime law covering SO or GI
Oklahoma,2004,0,0,0,,,HIGH,No state hate crime law covering SO or GI
Oklahoma,2005,0,0,0,,,HIGH,No state hate crime law covering SO or GI
Oklahoma,2006,0,0,0,,,HIGH,No state hate crime law covering SO or GI
Oklahoma,2007,0,0,0,,,HIGH,No state hate crime law covering SO or GI
Oklahoma,2008,0,0,0,,,HIGH,No state hate crime law covering SO or GI
Oklahoma,2009,0,0,0,,,HIGH,No state hate crime law covering SO or GI
Oklahoma,2010,0,0,0,,,HIGH,No state hate crime law covering SO or GI
Oklahoma,2011,0,0,0,,,HIGH,No state hate crime law covering SO or GI
Oklahoma,2012,0,0,0,,,HIGH,No state hate crime law covering SO or GI
Oklahoma,2013,0,0,0,,,HIGH,No state hate crime law covering SO or GI
Oklahoma,2014,0,0,0,,,HIGH,No state hate crime law covering SO or GI
Oklahoma,2015,0,0,0,,,HIGH,No state hate crime law covering SO or GI
Oklahoma,2016,0,0,0,,,HIGH,No state hate crime law covering SO or GI
Oklahoma,2017,0,0,0,,,HIGH,No state hate crime law covering SO or GI
Oklahoma,2018,0,0,0,,,HIGH,No state hate crime law covering SO or GI
Oklahoma,2019,0,0,0,,,HIGH,No state hate crime law covering SO or GI
Oklahoma,2020,0,0,0,,,HIGH,No state hate crime law covering SO or GI
Oklahoma,2021,0,0,0,,,HIGH,No state hate crime law covering SO or GI
Oklahoma,2022,0,0,0,,,HIGH,No state hate crime law covering SO or GI
Oklahoma,2023,0,0,0,,,HIGH,No state hate crime law covering SO or GI
Oklahoma,2024,0,0,0,,,HIGH,No state hate crime law covering SO or GI
Oregon,1991,1,0,1,1981,,HIGH,SO covered from 1981; GI not covered as of 2024
Oregon,1992,1,0,1,1981,,HIGH,SO covered from 1981; GI not covered as of 2024
Oregon,1993,1,0,1,1981,,HIGH,SO covered from 1981; GI not covered as of 2024
Oregon,1994,1,0,1,1981,,HIGH,SO covered from 1981; GI not covered as of 2024
Oregon,1995,1,0,1,1981,,HIGH,SO covered from 1981; GI not covered as of 2024
Oregon,1996,1,0,1,1981,,HIGH,SO covered from 1981; GI not covered as of 2024
Oregon,1997,1,0,1,1981,,HIGH,SO covered from 1981; GI not covered as of 2024
Oregon,1998,1,0,1,1981,,HIGH,SO covered from 1981; GI not covered as of 2024
Oregon,1999,1,0,1,1981,,HIGH,SO covered from 1981; GI not covered as of 2024
Oregon,2000,1,0,1,1981,,HIGH,SO covered from 1981; GI not covered as of 2024
Oregon,2001,1,0,1,1981,,HIGH,SO covered from 1981; GI not covered as of 2024
Oregon,2002,1,0,1,1981,,HIGH,SO covered from 1981; GI not covered as of 2024
Oregon,2003,1,0,1,1981,,HIGH,SO covered from 1981; GI not covered as of 2024
Oregon,2004,1,0,1,1981,,HIGH,SO covered from 1981; GI not covered as of 2024
Oregon,2005,1,0,1,1981,,HIGH,SO covered from 1981; GI not covered as of 2024
Oregon,2006,1,0,1,1981,,HIGH,SO covered from 1981; GI not covered as of 2024
Oregon,2007,1,0,1,1981,,HIGH,SO covered from 1981; GI not covered as of 2024
Oregon,2008,1,0,1,1981,,HIGH,SO covered from 1981; GI not covered as of 2024
Oregon,2009,1,0,1,1981,,HIGH,SO covered from 1981; GI not covered as of 2024
Oregon,2010,1,0,1,1981,,HIGH,SO covered from 1981; GI not covered as of 2024
Oregon,2011,1,0,1,1981,,HIGH,SO covered from 1981; GI not covered as of 2024
Oregon,2012,1,0,1,1981,,HIGH,SO covered from 1981; GI not covered as of 2024
Oregon,2013,1,0,1,1981,,HIGH,SO covered from 1981; GI not covered as of 2024
Oregon,2014,1,0,1,1981,,HIGH,SO covered from 1981; GI not covered as of 2024
Oregon,2015,1,0,1,1981,,HIGH,SO covered from 1981; GI not covered as of 2024
Oregon,2016,1,0,1,1981,,HIGH,SO covered from 1981; GI not covered as of 2024
Oregon,2017,1,0,1,1981,,HIGH,SO covered from 1981; GI not covered as of 2024
Oregon,2018,1,0,1,1981,,HIGH,SO covered from 1981; GI not covered as of 2024
Oregon,2019,1,0,1,1981,,HIGH,SO covered from 1981; GI not covered as of 2024
Oregon,2020,1,0,1,1981,,HIGH,SO covered from 1981; GI not covered as of 2024
Oregon,2021,1,0,1,1981,,HIGH,SO covered from 1981; GI not covered as of 2024
Oregon,2022,1,0,1,1981,,HIGH,SO covered from 1981; GI not covered as of 2024
Oregon,2023,1,0,1,1981,,HIGH,SO covered from 1981; GI not covered as of 2024
Oregon,2024,1,0,1,1981,,HIGH,SO covered from 1981; GI not covered as of 2024
Pennsylvania,1991,0,0,0,2002,,MEDIUM,SO covered from 2002; GI not covered as of 2024
Pennsylvania,1992,0,0,0,2002,,MEDIUM,SO covered from 2002; GI not covered as of 2024
Pennsylvania,1993,0,0,0,2002,,MEDIUM,SO covered from 2002; GI not covered as of 2024
Pennsylvania,1994,0,0,0,2002,,MEDIUM,SO covered from 2002; GI not covered as of 2024
Pennsylvania,1995,0,0,0,2002,,MEDIUM,SO covered from 2002; GI not covered as of 2024
Pennsylvania,1996,0,0,0,2002,,MEDIUM,SO covered from 2002; GI not covered as of 2024
Pennsylvania,1997,0,0,0,2002,,MEDIUM,SO covered from 2002; GI not covered as of 2024
Pennsylvania,1998,0,0,0,2002,,MEDIUM,SO covered from 2002; GI not covered as of 2024
Pennsylvania,1999,0,0,0,2002,,MEDIUM,SO covered from 2002; GI not covered as of 2024
Pennsylvania,2000,0,0,0,2002,,MEDIUM,SO covered from 2002; GI not covered as of 2024
Pennsylvania,2001,0,0,0,2002,,MEDIUM,SO covered from 2002; GI not covered as of 2024
Pennsylvania,2002,1,0,1,2002,,MEDIUM,SO covered from 2002; GI not covered as of 2024
Pennsylvania,2003,1,0,1,2002,,MEDIUM,SO covered from 2002; GI not covered as of 2024
Pennsylvania,2004,1,0,1,2002,,MEDIUM,SO covered from 2002; GI not covered as of 2024
Pennsylvania,2005,1,0,1,2002,,MEDIUM,SO covered from 2002; GI not covered as of 2024
Pennsylvania,2006,1,0,1,2002,,MEDIUM,SO covered from 2002; GI not covered as of 2024
Pennsylvania,2007,1,0,1,2002,,MEDIUM,SO covered from 2002; GI not covered as of 2024
Pennsylvania,2008,1,0,1,2002,,MEDIUM,SO covered from 2002; GI not covered as of 2024
Pennsylvania,2009,1,0,1,2002,,MEDIUM,SO covered from 2002; GI not covered as of 2024
Pennsylvania,2010,1,0,1,2002,,MEDIUM,SO covered from 2002; GI not covered as of 2024
Pennsylvania,2011,1,0,1,2002,,MEDIUM,SO covered from 2002; GI not covered as of 2024
Pennsylvania,2012,1,0,1,2002,,MEDIUM,SO covered from 2002; GI not covered as of 2024
Pennsylvania,2013,1,0,1,2002,,MEDIUM,SO covered from 2002; GI not covered as of 2024
Pennsylvania,2014,1,0,1,2002,,MEDIUM,SO covered from 2002; GI not covered as of 2024
Pennsylvania,2015,1,0,1,2002,,MEDIUM,SO covered from 2002; GI not covered as of 2024
Pennsylvania,2016,1,0,1,2002,,MEDIUM,SO covered from 2002; GI not covered as of 2024
Pennsylvania,2017,1,0,1,2002,,MEDIUM,SO covered from 2002; GI not covered as of 2024
Pennsylvania,2018,1,0,1,2002,,MEDIUM,SO covered from 2002; GI not covered as of 2024
Pennsylvania,2019,1,0,1,2002,,MEDIUM,SO covered from 2002; GI not covered as of 2024
Pennsylvania,2020,1,0,1,2002,,MEDIUM,SO covered from 2002; GI not covered as of 2024
Pennsylvania,2021,1,0,1,2002,,MEDIUM,SO covered from 2002; GI not covered as of 2024
Pennsylvania,2022,1,0,1,2002,,MEDIUM,SO covered from 2002; GI not covered as of 2024
Pennsylvania,2023,1,0,1,2002,,MEDIUM,SO covered from 2002; GI not covered as of 2024
Pennsylvania,2024,1,0,1,2002,,MEDIUM,SO covered from 2002; GI not covered as of 2024
Rhode Island,1991,0,0,0,1998,,MEDIUM,SO covered from 1998; GI not covered as of 2024
Rhode Island,1992,0,0,0,1998,,MEDIUM,SO covered from 1998; GI not covered as of 2024
Rhode Island,1993,0,0,0,1998,,MEDIUM,SO covered from 1998; GI not covered as of 2024
Rhode Island,1994,0,0,0,1998,,MEDIUM,SO covered from 1998; GI not covered as of 2024
Rhode Island,1995,0,0,0,1998,,MEDIUM,SO covered from 1998; GI not covered as of 2024
Rhode Island,1996,0,0,0,1998,,MEDIUM,SO covered from 1998; GI not covered as of 2024
Rhode Island,1997,0,0,0,1998,,MEDIUM,SO covered from 1998; GI not covered as of 2024
Rhode Island,1998,1,0,1,1998,,MEDIUM,SO covered from 1998; GI not covered as of 2024
Rhode Island,1999,1,0,1,1998,,MEDIUM,SO covered from 1998; GI not covered as of 2024
Rhode Island,2000,1,0,1,1998,,MEDIUM,SO covered from 1998; GI not covered as of 2024
Rhode Island,2001,1,0,1,1998,,MEDIUM,SO covered from 1998; GI not covered as of 2024
Rhode Island,2002,1,0,1,1998,,MEDIUM,SO covered from 1998; GI not covered as of 2024
Rhode Island,2003,1,0,1,1998,,MEDIUM,SO covered from 1998; GI not covered as of 2024
Rhode Island,2004,1,0,1,1998,,MEDIUM,SO covered from 1998; GI not covered as of 2024
Rhode Island,2005,1,0,1,1998,,MEDIUM,SO covered from 1998; GI not covered as of 2024
Rhode Island,2006,1,0,1,1998,,MEDIUM,SO covered from 1998; GI not covered as of 2024
Rhode Island,2007,1,0,1,1998,,MEDIUM,SO covered from 1998; GI not covered as of 2024
Rhode Island,2008,1,0,1,1998,,MEDIUM,SO covered from 1998; GI not covered as of 2024
Rhode Island,2009,1,0,1,1998,,MEDIUM,SO covered from 1998; GI not covered as of 2024
Rhode Island,2010,1,0,1,1998,,MEDIUM,SO covered from 1998; GI not covered as of 2024
Rhode Island,2011,1,0,1,1998,,MEDIUM,SO covered from 1998; GI not covered as of 2024
Rhode Island,2012,1,0,1,1998,,MEDIUM,SO covered from 1998; GI not covered as of 2024
Rhode Island,2013,1,0,1,1998,,MEDIUM,SO covered from 1998; GI not covered as of 2024
Rhode Island,2014,1,0,1,1998,,MEDIUM,SO covered from 1998; GI not covered as of 2024
Rhode Island,2015,1,0,1,1998,,MEDIUM,SO covered from 1998; GI not covered as of 2024
Rhode Island,2016,1,0,1,1998,,MEDIUM,SO covered from 1998; GI not covered as of 2024
Rhode Island,2017,1,0,1,1998,,MEDIUM,SO covered from 1998; GI not covered as of 2024
Rhode Island,2018,1,0,1,1998,,MEDIUM,SO covered from 1998; GI not covered as of 2024
Rhode Island,2019,1,0,1,1998,,MEDIUM,SO covered from 1998; GI not covered as of 2024
Rhode Island,2020,1,0,1,1998,,MEDIUM,SO covered from 1998; GI not covered as of 2024
Rhode Island,2021,1,0,1,1998,,MEDIUM,SO covered from 1998; GI not covered as of 2024
Rhode Island,2022,1,0,1,1998,,MEDIUM,SO covered from 1998; GI not covered as of 2024
Rhode Island,2023,1,0,1,1998,,MEDIUM,SO covered from 1998; GI not covered as of 2024
Rhode Island,2024,1,0,1,1998,,MEDIUM,SO covered from 1998; GI not covered as of 2024
South Carolina,1991,0,0,0,,,HIGH,No state hate crime law covering SO or GI
South Carolina,1992,0,0,0,,,HIGH,No state hate crime law covering SO or GI
South Carolina,1993,0,0,0,,,HIGH,No state hate crime law covering SO or GI
South Carolina,1994,0,0,0,,,HIGH,No state hate crime law covering SO or GI
South Carolina,1995,0,0,0,,,HIGH,No state hate crime law covering SO or GI
South Carolina,1996,0,0,0,,,HIGH,No state hate crime law covering SO or GI
South Carolina,1997,0,0,0,,,HIGH,No state hate crime law covering SO or GI
South Carolina,1998,0,0,0,,,HIGH,No state hate crime law covering SO or GI
South Carolina,1999,0,0,0,,,HIGH,No state hate crime law covering SO or GI
South Carolina,2000,0,0,0,,,HIGH,No state hate crime law covering SO or GI
South Carolina,2001,0,0,0,,,HIGH,No state hate crime law covering SO or GI
South Carolina,2002,0,0,0,,,HIGH,No state hate crime law covering SO or GI
South Carolina,2003,0,0,0,,,HIGH,No state hate crime law covering SO or GI
South Carolina,2004,0,0,0,,,HIGH,No state hate crime law covering SO or GI
South Carolina,2005,0,0,0,,,HIGH,No state hate crime law covering SO or GI
South Carolina,2006,0,0,0,,,HIGH,No state hate crime law covering SO or GI
South Carolina,2007,0,0,0,,,HIGH,No state hate crime law covering SO or GI
South Carolina,2008,0,0,0,,,HIGH,No state hate crime law covering SO or GI
South Carolina,2009,0,0,0,,,HIGH,No state hate crime law covering SO or GI
South Carolina,2010,0,0,0,,,HIGH,No state hate crime law covering SO or GI
South Carolina,2011,0,0,0,,,HIGH,No state hate crime law covering SO or GI
South Carolina,2012,0,0,0,,,HIGH,No state hate crime law covering SO or GI
South Carolina,2013,0,0,0,,,HIGH,No state hate crime law covering SO or GI
South Carolina,2014,0,0,0,,,HIGH,No state hate crime law covering SO or GI
South Carolina,2015,0,0,0,,,HIGH,No state hate crime law covering SO or GI
South Carolina,2016,0,0,0,,,HIGH,No state hate crime law covering SO or GI
South Carolina,2017,0,0,0,,,HIGH,No state hate crime law covering SO or GI
South Carolina,2018,0,0,0,,,HIGH,No state hate crime law covering SO or GI
South Carolina,2019,0,0,0,,,HIGH,No state hate crime law covering SO or GI
South Carolina,2020,0,0,0,,,HIGH,No state hate crime law covering SO or GI
South Carolina,2021,0,0,0,,,HIGH,No state hate crime law covering SO or GI
South Carolina,2022,0,0,0,,,HIGH,No state hate crime law covering SO or GI
South Carolina,2023,0,0,0,,,HIGH,No state hate crime law covering SO or GI
South Carolina,2024,0,0,0,,,HIGH,No state hate crime law covering SO or GI
South Dakota,1991,0,0,0,,,HIGH,No state hate crime law covering SO or GI
South Dakota,1992,0,0,0,,,HIGH,No state hate crime law covering SO or GI
South Dakota,1993,0,0,0,,,HIGH,No state hate crime law covering SO or GI
South Dakota,1994,0,0,0,,,HIGH,No state hate crime law covering SO or GI
South Dakota,1995,0,0,0,,,HIGH,No state hate crime law covering SO or GI
South Dakota,1996,0,0,0,,,HIGH,No state hate crime law covering SO or GI
South Dakota,1997,0,0,0,,,HIGH,No state hate crime law covering SO or GI
South Dakota,1998,0,0,0,,,HIGH,No state hate crime law covering SO or GI
South Dakota,1999,0,0,0,,,HIGH,No state hate crime law covering SO or GI
South Dakota,2000,0,0,0,,,HIGH,No state hate crime law covering SO or GI
South Dakota,2001,0,0,0,,,HIGH,No state hate crime law covering SO or GI
South Dakota,2002,0,0,0,,,HIGH,No state hate crime law covering SO or GI
South Dakota,2003,0,0,0,,,HIGH,No state hate crime law covering SO or GI
South Dakota,2004,0,0,0,,,HIGH,No state hate crime law covering SO or GI
South Dakota,2005,0,0,0,,,HIGH,No state hate crime law covering SO or GI
South Dakota,2006,0,0,0,,,HIGH,No state hate crime law covering SO or GI
South Dakota,2007,0,0,0,,,HIGH,No state hate crime law covering SO or GI
South Dakota,2008,0,0,0,,,HIGH,No state hate crime law covering SO or GI
South Dakota,2009,0,0,0,,,HIGH,No state hate crime law covering SO or GI
South Dakota,2010,0,0,0,,,HIGH,No state hate crime law covering SO or GI
South Dakota,2011,0,0,0,,,HIGH,No state hate crime law covering SO or GI
South Dakota,2012,0,0,0,,,HIGH,No state hate crime law covering SO or GI
South Dakota,2013,0,0,0,,,HIGH,No state hate crime law covering SO or GI
South Dakota,2014,0,0,0,,,HIGH,No state hate crime law covering SO or GI
South Dakota,2015,0,0,0,,,HIGH,No state hate crime law covering SO or GI
South Dakota,2016,0,0,0,,,HIGH,No state hate crime law covering SO or GI
South Dakota,2017,0,0,0,,,HIGH,No state hate crime law covering SO or GI
South Dakota,2018,0,0,0,,,HIGH,No state hate crime law covering SO or GI
South Dakota,2019,0,0,0,,,HIGH,No state hate crime law covering SO or GI
South Dakota,2020,0,0,0,,,HIGH,No state hate crime law covering SO or GI
South Dakota,2021,0,0,0,,,HIGH,No state hate crime law covering SO or GI
South Dakota,2022,0,0,0,,,HIGH,No state hate crime law covering SO or GI
South Dakota,2023,0,0,0,,,HIGH,No state hate crime law covering SO or GI
South Dakota,2024,0,0,0,,,HIGH,No state hate crime law covering SO or GI
Tennessee,1991,0,0,0,,,HIGH,No state hate crime law covering SO or GI
Tennessee,1992,0,0,0,,,HIGH,No state hate crime law covering SO or GI
Tennessee,1993,0,0,0,,,HIGH,No state hate crime law covering SO or GI
Tennessee,1994,0,0,0,,,HIGH,No state hate crime law covering SO or GI
Tennessee,1995,0,0,0,,,HIGH,No state hate crime law covering SO or GI
Tennessee,1996,0,0,0,,,HIGH,No state hate crime law covering SO or GI
Tennessee,1997,0,0,0,,,HIGH,No state hate crime law covering SO or GI
Tennessee,1998,0,0,0,,,HIGH,No state hate crime law covering SO or GI
Tennessee,1999,0,0,0,,,HIGH,No state hate crime law covering SO or GI
Tennessee,2000,0,0,0,,,HIGH,No state hate crime law covering SO or GI
Tennessee,2001,0,0,0,,,HIGH,No state hate crime law covering SO or GI
Tennessee,2002,0,0,0,,,HIGH,No state hate crime law covering SO or GI
Tennessee,2003,0,0,0,,,HIGH,No state hate crime law covering SO or GI
Tennessee,2004,0,0,0,,,HIGH,No state hate crime law covering SO or GI
Tennessee,2005,0,0,0,,,HIGH,No state hate crime law covering SO or GI
Tennessee,2006,0,0,0,,,HIGH,No state hate crime law covering SO or GI
Tennessee,2007,0,0,0,,,HIGH,No state hate crime law covering SO or GI
Tennessee,2008,0,0,0,,,HIGH,No state hate crime law covering SO or GI
Tennessee,2009,0,0,0,,,HIGH,No state hate crime law covering SO or GI
Tennessee,2010,0,0,0,,,HIGH,No state hate crime law covering SO or GI
Tennessee,2011,0,0,0,,,HIGH,No state hate crime law covering SO or GI
Tennessee,2012,0,0,0,,,HIGH,No state hate crime law covering SO or GI
Tennessee,2013,0,0,0,,,HIGH,No state hate crime law covering SO or GI
Tennessee,2014,0,0,0,,,HIGH,No state hate crime law covering SO or GI
Tennessee,2015,0,0,0,,,HIGH,No state hate crime law covering SO or GI
Tennessee,2016,0,0,0,,,HIGH,No state hate crime law covering SO or GI
Tennessee,2017,0,0,0,,,HIGH,No state hate crime law covering SO or GI
Tennessee,2018,0,0,0,,,HIGH,No state hate crime law covering SO or GI
Tennessee,2019,0,0,0,,,HIGH,No state hate crime law covering SO or GI
Tennessee,2020,0,0,0,,,HIGH,No state hate crime law covering SO or GI
Tennessee,2021,0,0,0,,,HIGH,No state hate crime law covering SO or GI
Tennessee,2022,0,0,0,,,HIGH,No state hate crime law covering SO or GI
Tennessee,2023,0,0,0,,,HIGH,No state hate crime law covering SO or GI
Tennessee,2024,0,0,0,,,HIGH,No state hate crime law covering SO or GI
Texas,1991,0,0,0,2001,,HIGH,SO covered from 2001; GI not covered as of 2024
Texas,1992,0,0,0,2001,,HIGH,SO covered from 2001; GI not covered as of 2024
Texas,1993,0,0,0,2001,,HIGH,SO covered from 2001; GI not covered as of 2024
Texas,1994,0,0,0,2001,,HIGH,SO covered from 2001; GI not covered as of 2024
Texas,1995,0,0,0,2001,,HIGH,SO covered from 2001; GI not covered as of 2024
Texas,1996,0,0,0,2001,,HIGH,SO covered from 2001; GI not covered as of 2024
Texas,1997,0,0,0,2001,,HIGH,SO covered from 2001; GI not covered as of 2024
Texas,1998,0,0,0,2001,,HIGH,SO covered from 2001; GI not covered as of 2024
Texas,1999,0,0,0,2001,,HIGH,SO covered from 2001; GI not covered as of 2024
Texas,2000,0,0,0,2001,,HIGH,SO covered from 2001; GI not covered as of 2024
Texas,2001,1,0,1,2001,,HIGH,SO covered from 2001; GI not covered as of 2024
Texas,2002,1,0,1,2001,,HIGH,SO covered from 2001; GI not covered as of 2024
Texas,2003,1,0,1,2001,,HIGH,SO covered from 2001; GI not covered as of 2024
Texas,2004,1,0,1,2001,,HIGH,SO covered from 2001; GI not covered as of 2024
Texas,2005,1,0,1,2001,,HIGH,SO covered from 2001; GI not covered as of 2024
Texas,2006,1,0,1,2001,,HIGH,SO covered from 2001; GI not covered as of 2024
Texas,2007,1,0,1,2001,,HIGH,SO covered from 2001; GI not covered as of 2024
Texas,2008,1,0,1,2001,,HIGH,SO covered from 2001; GI not covered as of 2024
Texas,2009,1,0,1,2001,,HIGH,SO covered from 2001; GI not covered as of 2024
Texas,2010,1,0,1,2001,,HIGH,SO covered from 2001; GI not covered as of 2024
Texas,2011,1,0,1,2001,,HIGH,SO covered from 2001; GI not covered as of 2024
Texas,2012,1,0,1,2001,,HIGH,SO covered from 2001; GI not covered as of 2024
Texas,2013,1,0,1,2001,,HIGH,SO covered from 2001; GI not covered as of 2024
Texas,2014,1,0,1,2001,,HIGH,SO covered from 2001; GI not covered as of 2024
Texas,2015,1,0,1,2001,,HIGH,SO covered from 2001; GI not covered as of 2024
Texas,2016,1,0,1,2001,,HIGH,SO covered from 2001; GI not covered as of 2024
Texas,2017,1,0,1,2001,,HIGH,SO covered from 2001; GI not covered as of 2024
Texas,2018,1,0,1,2001,,HIGH,SO covered from 2001; GI not covered as of 2024
Texas,2019,1,0,1,2001,,HIGH,SO covered from 2001; GI not covered as of 2024
Texas,2020,1,0,1,2001,,HIGH,SO covered from 2001; GI not covered as of 2024
Texas,2021,1,0,1,2001,,HIGH,SO covered from 2001; GI not covered as of 2024
Texas,2022,1,0,1,2001,,HIGH,SO covered from 2001; GI not covered as of 2024
Texas,2023,1,0,1,2001,,HIGH,SO covered from 2001; GI not covered as of 2024
Texas,2024,1,0,1,2001,,HIGH,SO covered from 2001; GI not covered as of 2024
Utah,1991,0,0,0,,,HIGH,No state hate crime law covering SO or GI
Utah,1992,0,0,0,,,HIGH,No state hate crime law covering SO or GI
Utah,1993,0,0,0,,,HIGH,No state hate crime law covering SO or GI
Utah,1994,0,0,0,,,HIGH,No state hate crime law covering SO or GI
Utah,1995,0,0,0,,,HIGH,No state hate crime law covering SO or GI
Utah,1996,0,0,0,,,HIGH,No state hate crime law covering SO or GI
Utah,1997,0,0,0,,,HIGH,No state hate crime law covering SO or GI
Utah,1998,0,0,0,,,HIGH,No state hate crime law covering SO or GI
Utah,1999,0,0,0,,,HIGH,No state hate crime law covering SO or GI
Utah,2000,0,0,0,,,HIGH,No state hate crime law covering SO or GI
Utah,2001,0,0,0,,,HIGH,No state hate crime law covering SO or GI
Utah,2002,0,0,0,,,HIGH,No state hate crime law covering SO or GI
Utah,2003,0,0,0,,,HIGH,No state hate crime law covering SO or GI
Utah,2004,0,0,0,,,HIGH,No state hate crime law covering SO or GI
Utah,2005,0,0,0,,,HIGH,No state hate crime law covering SO or GI
Utah,2006,0,0,0,,,HIGH,No state hate crime law covering SO or GI
Utah,2007,0,0,0,,,HIGH,No state hate crime law covering SO or GI
Utah,2008,0,0,0,,,HIGH,No state hate crime law covering SO or GI
Utah,2009,0,0,0,,,HIGH,No state hate crime law covering SO or GI
Utah,2010,0,0,0,,,HIGH,No state hate crime law covering SO or GI
Utah,2011,0,0,0,,,HIGH,No state hate crime law covering SO or GI
Utah,2012,0,0,0,,,HIGH,No state hate crime law covering SO or GI
Utah,2013,0,0,0,,,HIGH,No state hate crime law covering SO or GI
Utah,2014,0,0,0,,,HIGH,No state hate crime law covering SO or GI
Utah,2015,0,0,0,,,HIGH,No state hate crime law covering SO or GI
Utah,2016,0,0,0,,,HIGH,No state hate crime law covering SO or GI
Utah,2017,0,0,0,,,HIGH,No state hate crime law covering SO or GI
Utah,2018,0,0,0,,,HIGH,No state hate crime law covering SO or GI
Utah,2019,0,0,0,,,HIGH,No state hate crime law covering SO or GI
Utah,2020,0,0,0,,,HIGH,No state hate crime law covering SO or GI
Utah,2021,0,0,0,,,HIGH,No state hate crime law covering SO or GI
Utah,2022,0,0,0,,,HIGH,No state hate crime law covering SO or GI
Utah,2023,0,0,0,,,HIGH,No state hate crime law covering SO or GI
Utah,2024,0,0,0,,,HIGH,No state hate crime law covering SO or GI
Vermont,1991,1,0,1,1990,,HIGH,SO covered from 1990; GI not covered as of 2024
Vermont,1992,1,0,1,1990,,HIGH,SO covered from 1990; GI not covered as of 2024
Vermont,1993,1,0,1,1990,,HIGH,SO covered from 1990; GI not covered as of 2024
Vermont,1994,1,0,1,1990,,HIGH,SO covered from 1990; GI not covered as of 2024
Vermont,1995,1,0,1,1990,,HIGH,SO covered from 1990; GI not covered as of 2024
Vermont,1996,1,0,1,1990,,HIGH,SO covered from 1990; GI not covered as of 2024
Vermont,1997,1,0,1,1990,,HIGH,SO covered from 1990; GI not covered as of 2024
Vermont,1998,1,0,1,1990,,HIGH,SO covered from 1990; GI not covered as of 2024
Vermont,1999,1,0,1,1990,,HIGH,SO covered from 1990; GI not covered as of 2024
Vermont,2000,1,0,1,1990,,HIGH,SO covered from 1990; GI not covered as of 2024
Vermont,2001,1,0,1,1990,,HIGH,SO covered from 1990; GI not covered as of 2024
Vermont,2002,1,0,1,1990,,HIGH,SO covered from 1990; GI not covered as of 2024
Vermont,2003,1,0,1,1990,,HIGH,SO covered from 1990; GI not covered as of 2024
Vermont,2004,1,0,1,1990,,HIGH,SO covered from 1990; GI not covered as of 2024
Vermont,2005,1,0,1,1990,,HIGH,SO covered from 1990; GI not covered as of 2024
Vermont,2006,1,0,1,1990,,HIGH,SO covered from 1990; GI not covered as of 2024
Vermont,2007,1,0,1,1990,,HIGH,SO covered from 1990; GI not covered as of 2024
Vermont,2008,1,0,1,1990,,HIGH,SO covered from 1990; GI not covered as of 2024
Vermont,2009,1,0,1,1990,,HIGH,SO covered from 1990; GI not covered as of 2024
Vermont,2010,1,0,1,1990,,HIGH,SO covered from 1990; GI not covered as of 2024
Vermont,2011,1,0,1,1990,,HIGH,SO covered from 1990; GI not covered as of 2024
Vermont,2012,1,0,1,1990,,HIGH,SO covered from 1990; GI not covered as of 2024
Vermont,2013,1,0,1,1990,,HIGH,SO covered from 1990; GI not covered as of 2024
Vermont,2014,1,0,1,1990,,HIGH,SO covered from 1990; GI not covered as of 2024
Vermont,2015,1,0,1,1990,,HIGH,SO covered from 1990; GI not covered as of 2024
Vermont,2016,1,0,1,1990,,HIGH,SO covered from 1990; GI not covered as of 2024
Vermont,2017,1,0,1,1990,,HIGH,SO covered from 1990; GI not covered as of 2024
Vermont,2018,1,0,1,1990,,HIGH,SO covered from 1990; GI not covered as of 2024
Vermont,2019,1,0,1,1990,,HIGH,SO covered from 1990; GI not covered as of 2024
Vermont,2020,1,0,1,1990,,HIGH,SO covered from 1990; GI not covered as of 2024
Vermont,2021,1,0,1,1990,,HIGH,SO covered from 1990; GI not covered as of 2024
Vermont,2022,1,0,1,1990,,HIGH,SO covered from 1990; GI not covered as of 2024
Vermont,2023,1,0,1,1990,,HIGH,SO covered from 1990; GI not covered as of 2024
Vermont,2024,1,0,1,1990,,HIGH,SO covered from 1990; GI not covered as of 2024
Virginia,1991,0,0,0,2020,2020,HIGH,SO covered from 2020; GI covered from 2020
Virginia,1992,0,0,0,2020,2020,HIGH,SO covered from 2020; GI covered from 2020
Virginia,1993,0,0,0,2020,2020,HIGH,SO covered from 2020; GI covered from 2020
Virginia,1994,0,0,0,2020,2020,HIGH,SO covered from 2020; GI covered from 2020
Virginia,1995,0,0,0,2020,2020,HIGH,SO covered from 2020; GI covered from 2020
Virginia,1996,0,0,0,2020,2020,HIGH,SO covered from 2020; GI covered from 2020
Virginia,1997,0,0,0,2020,2020,HIGH,SO covered from 2020; GI covered from 2020
Virginia,1998,0,0,0,2020,2020,HIGH,SO covered from 2020; GI covered from 2020
Virginia,1999,0,0,0,2020,2020,HIGH,SO covered from 2020; GI covered from 2020
Virginia,2000,0,0,0,2020,2020,HIGH,SO covered from 2020; GI covered from 2020
Virginia,2001,0,0,0,2020,2020,HIGH,SO covered from 2020; GI covered from 2020
Virginia,2002,0,0,0,2020,2020,HIGH,SO covered from 2020; GI covered from 2020
Virginia,2003,0,0,0,2020,2020,HIGH,SO covered from 2020; GI covered from 2020
Virginia,2004,0,0,0,2020,2020,HIGH,SO covered from 2020; GI covered from 2020
Virginia,2005,0,0,0,2020,2020,HIGH,SO covered from 2020; GI covered from 2020
Virginia,2006,0,0,0,2020,2020,HIGH,SO covered from 2020; GI covered from 2020
Virginia,2007,0,0,0,2020,2020,HIGH,SO covered from 2020; GI covered from 2020
Virginia,2008,0,0,0,2020,2020,HIGH,SO covered from 2020; GI covered from 2020
Virginia,2009,0,0,0,2020,2020,HIGH,SO covered from 2020; GI covered from 2020
Virginia,2010,0,0,0,2020,2020,HIGH,SO covered from 2020; GI covered from 2020
Virginia,2011,0,0,0,2020,2020,HIGH,SO covered from 2020; GI covered from 2020
Virginia,2012,0,0,0,2020,2020,HIGH,SO covered from 2020; GI covered from 2020
Virginia,2013,0,0,0,2020,2020,HIGH,SO covered from 2020; GI covered from 2020
Virginia,2014,0,0,0,2020,2020,HIGH,SO covered from 2020; GI covered from 2020
Virginia,2015,0,0,0,2020,2020,HIGH,SO covered from 2020; GI covered from 2020
Virginia,2016,0,0,0,2020,2020,HIGH,SO covered from 2020; GI covered from 2020
Virginia,2017,0,0,0,2020,2020,HIGH,SO covered from 2020; GI covered from 2020
Virginia,2018,0,0,0,2020,2020,HIGH,SO covered from 2020; GI covered from 2020
Virginia,2019,0,0,0,2020,2020,HIGH,SO covered from 2020; GI covered from 2020
Virginia,2020,1,1,2,2020,2020,HIGH,SO covered from 2020; GI covered from 2020
Virginia,2021,1,1,2,2020,2020,HIGH,SO covered from 2020; GI covered from 2020
Virginia,2022,1,1,2,2020,2020,HIGH,SO covered from 2020; GI covered from 2020
Virginia,2023,1,1,2,2020,2020,HIGH,SO covered from 2020; GI covered from 2020
Virginia,2024,1,1,2,2020,2020,HIGH,SO covered from 2020; GI covered from 2020
Washington,1991,1,0,1,1988,,MEDIUM,SO covered from 1988; GI not covered as of 2024
Washington,1992,1,0,1,1988,,MEDIUM,SO covered from 1988; GI not covered as of 2024
Washington,1993,1,0,1,1988,,MEDIUM,SO covered from 1988; GI not covered as of 2024
Washington,1994,1,0,1,1988,,MEDIUM,SO covered from 1988; GI not covered as of 2024
Washington,1995,1,0,1,1988,,MEDIUM,SO covered from 1988; GI not covered as of 2024
Washington,1996,1,0,1,1988,,MEDIUM,SO covered from 1988; GI not covered as of 2024
Washington,1997,1,0,1,1988,,MEDIUM,SO covered from 1988; GI not covered as of 2024
Washington,1998,1,0,1,1988,,MEDIUM,SO covered from 1988; GI not covered as of 2024
Washington,1999,1,0,1,1988,,MEDIUM,SO covered from 1988; GI not covered as of 2024
Washington,2000,1,0,1,1988,,MEDIUM,SO covered from 1988; GI not covered as of 2024
Washington,2001,1,0,1,1988,,MEDIUM,SO covered from 1988; GI not covered as of 2024
Washington,2002,1,0,1,1988,,MEDIUM,SO covered from 1988; GI not covered as of 2024
Washington,2003,1,0,1,1988,,MEDIUM,SO covered from 1988; GI not covered as of 2024
Washington,2004,1,0,1,1988,,MEDIUM,SO covered from 1988; GI not covered as of 2024
Washington,2005,1,0,1,1988,,MEDIUM,SO covered from 1988; GI not covered as of 2024
Washington,2006,1,0,1,1988,,MEDIUM,SO covered from 1988; GI not covered as of 2024
Washington,2007,1,0,1,1988,,MEDIUM,SO covered from 1988; GI not covered as of 2024
Washington,2008,1,0,1,1988,,MEDIUM,SO covered from 1988; GI not covered as of 2024
Washington,2009,1,0,1,1988,,MEDIUM,SO covered from 1988; GI not covered as of 2024
Washington,2010,1,0,1,1988,,MEDIUM,SO covered from 1988; GI not covered as of 2024
Washington,2011,1,0,1,1988,,MEDIUM,SO covered from 1988; GI not covered as of 2024
Washington,2012,1,0,1,1988,,MEDIUM,SO covered from 1988; GI not covered as of 2024
Washington,2013,1,0,1,1988,,MEDIUM,SO covered from 1988; GI not covered as of 2024
Washington,2014,1,0,1,1988,,MEDIUM,SO covered from 1988; GI not covered as of 2024
Washington,2015,1,0,1,1988,,MEDIUM,SO covered from 1988; GI not covered as of 2024
Washington,2016,1,0,1,1988,,MEDIUM,SO covered from 1988; GI not covered as of 2024
Washington,2017,1,0,1,1988,,MEDIUM,SO covered from 1988; GI not covered as of 2024
Washington,2018,1,0,1,1988,,MEDIUM,SO covered from 1988; GI not covered as of 2024
Washington,2019,1,0,1,1988,,MEDIUM,SO covered from 1988; GI not covered as of 2024
Washington,2020,1,0,1,1988,,MEDIUM,SO covered from 1988; GI not covered as of 2024
Washington,2021,1,0,1,1988,,MEDIUM,SO covered from 1988; GI not covered as of 2024
Washington,2022,1,0,1,1988,,MEDIUM,SO covered from 1988; GI not covered as of 2024
Washington,2023,1,0,1,1988,,MEDIUM,SO covered from 1988; GI not covered as of 2024
Washington,2024,1,0,1,1988,,MEDIUM,SO covered from 1988; GI not covered as of 2024
West Virginia,1991,0,0,0,,,HIGH,No state hate crime law covering SO or GI
West Virginia,1992,0,0,0,,,HIGH,No state hate crime law covering SO or GI
West Virginia,1993,0,0,0,,,HIGH,No state hate crime law covering SO or GI
West Virginia,1994,0,0,0,,,HIGH,No state hate crime law covering SO or GI
West Virginia,1995,0,0,0,,,HIGH,No state hate crime law covering SO or GI
West Virginia,1996,0,0,0,,,HIGH,No state hate crime law covering SO or GI
West Virginia,1997,0,0,0,,,HIGH,No state hate crime law covering SO or GI
West Virginia,1998,0,0,0,,,HIGH,No state hate crime law covering SO or GI
West Virginia,1999,0,0,0,,,HIGH,No state hate crime law covering SO or GI
West Virginia,2000,0,0,0,,,HIGH,No state hate crime law covering SO or GI
West Virginia,2001,0,0,0,,,HIGH,No state hate crime law covering SO or GI
West Virginia,2002,0,0,0,,,HIGH,No state hate crime law covering SO or GI
West Virginia,2003,0,0,0,,,HIGH,No state hate crime law covering SO or GI
West Virginia,2004,0,0,0,,,HIGH,No state hate crime law covering SO or GI
West Virginia,2005,0,0,0,,,HIGH,No state hate crime law covering SO or GI
West Virginia,2006,0,0,0,,,HIGH,No state hate crime law covering SO or GI
West Virginia,2007,0,0,0,,,HIGH,No state hate crime law covering SO or GI
West Virginia,2008,0,0,0,,,HIGH,No state hate crime law covering SO or GI
West Virginia,2009,0,0,0,,,HIGH,No state hate crime law covering SO or GI
West Virginia,2010,0,0,0,,,HIGH,No state hate crime law covering SO or GI
West Virginia,2011,0,0,0,,,HIGH,No state hate crime law covering SO or GI
West Virginia,2012,0,0,0,,,HIGH,No state hate crime law covering SO or GI
West Virginia,2013,0,0,0,,,HIGH,No state hate crime law covering SO or GI
West Virginia,2014,0,0,0,,,HIGH,No state hate crime law covering SO or GI
West Virginia,2015,0,0,0,,,HIGH,No state hate crime law covering SO or GI
West Virginia,2016,0,0,0,,,HIGH,No state hate crime law covering SO or GI
West Virginia,2017,0,0,0,,,HIGH,No state hate crime law covering SO or GI
West Virginia,2018,0,0,0,,,HIGH,No state hate crime law covering SO or GI
West Virginia,2019,0,0,0,,,HIGH,No state hate crime law covering SO or GI
West Virginia,2020,0,0,0,,,HIGH,No state hate crime law covering SO or GI
West Virginia,2021,0,0,0,,,HIGH,No state hate crime law covering SO or GI
West Virginia,2022,0,0,0,,,HIGH,No state hate crime law covering SO or GI
West Virginia,2023,0,0,0,,,HIGH,No state hate crime law covering SO or GI
West Virginia,2024,0,0,0,,,HIGH,No state hate crime law covering SO or GI
Wisconsin,1991,1,0,1,1988,,HIGH,SO covered from 1988; GI not covered as of 2024
Wisconsin,1992,1,0,1,1988,,HIGH,SO covered from 1988; GI not covered as of 2024
Wisconsin,1993,1,0,1,1988,,HIGH,SO covered from 1988; GI not covered as of 2024
Wisconsin,1994,1,0,1,1988,,HIGH,SO covered from 1988; GI not covered as of 2024
Wisconsin,1995,1,0,1,1988,,HIGH,SO covered from 1988; GI not covered as of 2024
Wisconsin,1996,1,0,1,1988,,HIGH,SO covered from 1988; GI not covered as of 2024
Wisconsin,1997,1,0,1,1988,,HIGH,SO covered from 1988; GI not covered as of 2024
Wisconsin,1998,1,0,1,1988,,HIGH,SO covered from 1988; GI not covered as of 2024
Wisconsin,1999,1,0,1,1988,,HIGH,SO covered from 1988; GI not covered as of 2024
Wisconsin,2000,1,0,1,1988,,HIGH,SO covered from 1988; GI not covered as of 2024
Wisconsin,2001,1,0,1,1988,,HIGH,SO covered from 1988; GI not covered as of 2024
Wisconsin,2002,1,0,1,1988,,HIGH,SO covered from 1988; GI not covered as of 2024
Wisconsin,2003,1,0,1,1988,,HIGH,SO covered from 1988; GI not covered as of 2024
Wisconsin,2004,1,0,1,1988,,HIGH,SO covered from 1988; GI not covered as of 2024
Wisconsin,2005,1,0,1,1988,,HIGH,SO covered from 1988; GI not covered as of 2024
Wisconsin,2006,1,0,1,1988,,HIGH,SO covered from 1988; GI not covered as of 2024
Wisconsin,2007,1,0,1,1988,,HIGH,SO covered from 1988; GI not covered as of 2024
Wisconsin,2008,1,0,1,1988,,HIGH,SO covered from 1988; GI not covered as of 2024
Wisconsin,2009,1,0,1,1988,,HIGH,SO covered from 1988; GI not covered as of 2024
Wisconsin,2010,1,0,1,1988,,HIGH,SO covered from 1988; GI not covered as of 2024
Wisconsin,2011,1,0,1,1988,,HIGH,SO covered from 1988; GI not covered as of 2024
Wisconsin,2012,1,0,1,1988,,HIGH,SO covered from 1988; GI not covered as of 2024
Wisconsin,2013,1,0,1,1988,,HIGH,SO covered from 1988; GI not covered as of 2024
Wisconsin,2014,1,0,1,1988,,HIGH,SO covered from 1988; GI not covered as of 2024
Wisconsin,2015,1,0,1,1988,,HIGH,SO covered from 1988; GI not covered as of 2024
Wisconsin,2016,1,0,1,1988,,HIGH,SO covered from 1988; GI not covered as of 2024
Wisconsin,2017,1,0,1,1988,,HIGH,SO covered from 1988; GI not covered as of 2024
Wisconsin,2018,1,0,1,1988,,HIGH,SO covered from 1988; GI not covered as of 2024
Wisconsin,2019,1,0,1,1988,,HIGH,SO covered from 1988; GI not covered as of 2024
Wisconsin,2020,1,0,1,1988,,HIGH,SO covered from 1988; GI not covered as of 2024
Wisconsin,2021,1,0,1,1988,,HIGH,SO covered from 1988; GI not covered as of 2024
Wisconsin,2022,1,0,1,1988,,HIGH,SO covered from 1988; GI not covered as of 2024
Wisconsin,2023,1,0,1,1988,,HIGH,SO covered from 1988; GI not covered as of 2024
Wisconsin,2024,1,0,1,1988,,HIGH,SO covered from 1988; GI not covered as of 2024
Wyoming,1991,0,0,0,,,HIGH,No state hate crime law covering SO or GI
Wyoming,1992,0,0,0,,,HIGH,No state hate crime law covering SO or GI
Wyoming,1993,0,0,0,,,HIGH,No state hate crime law covering SO or GI
Wyoming,1994,0,0,0,,,HIGH,No state hate crime law covering SO or GI
Wyoming,1995,0,0,0,,,HIGH,No state hate crime law covering SO or GI
Wyoming,1996,0,0,0,,,HIGH,No state hate crime law covering SO or GI
Wyoming,1997,0,0,0,,,HIGH,No state hate crime law covering SO or GI
Wyoming,1998,0,0,0,,,HIGH,No state hate crime law covering SO or GI
Wyoming,1999,0,0,0,,,HIGH,No state hate crime law covering SO or GI
Wyoming,2000,0,0,0,,,HIGH,No state hate crime law covering SO or GI
Wyoming,2001,0,0,0,,,HIGH,No state hate crime law covering SO or GI
Wyoming,2002,0,0,0,,,HIGH,No state hate crime law covering SO or GI
Wyoming,2003,0,0,0,,,HIGH,No state hate crime law covering SO or GI
Wyoming,2004,0,0,0,,,HIGH,No state hate crime law covering SO or GI
Wyoming,2005,0,0,0,,,HIGH,No state hate crime law covering SO or GI
Wyoming,2006,0,0,0,,,HIGH,No state hate crime law covering SO or GI
Wyoming,2007,0,0,0,,,HIGH,No state hate crime law covering SO or GI
Wyoming,2008,0,0,0,,,HIGH,No state hate crime law covering SO or GI
Wyoming,2009,0,0,0,,,HIGH,No state hate crime law covering SO or GI
Wyoming,2010,0,0,0,,,HIGH,No state hate crime law covering SO or GI
Wyoming,2011,0,0,0,,,HIGH,No state hate crime law covering SO or GI
Wyoming,2012,0,0,0,,,HIGH,No state hate crime law covering SO or GI
Wyoming,2013,0,0,0,,,HIGH,No state hate crime law covering SO or GI
Wyoming,2014,0,0,0,,,HIGH,No state hate crime law covering SO or GI
Wyoming,2015,0,0,0,,,HIGH,No state hate crime law covering SO or GI
Wyoming,2016,0,0,0,,,HIGH,No state hate crime law covering SO or GI
Wyoming,2017,0,0,0,,,HIGH,No state hate crime law covering SO or GI
Wyoming,2018,0,0,0,,,HIGH,No state hate crime law covering SO or GI
Wyoming,2019,0,0,0,,,HIGH,No state hate crime law covering SO or GI
Wyoming,2020,0,0,0,,,HIGH,No state hate crime law covering SO or GI
Wyoming,2021,0,0,0,,,HIGH,No state hate crime law covering SO or GI
Wyoming,2022,0,0,0,,,HIGH,No state hate crime law covering SO or GI
Wyoming,2023,0,0,0,,,HIGH,No state hate crime law covering SO or GI
Wyoming,2024,0,0,0,,,HIGH,No state hate crime law covering SO or GI
