DATA_YEAR,STATE_NAME,REGION_NAME,INCIDENTS,TOTAL_VICTIMS,VIOLENT_COUNT,AVG_SEVERITY,VIOLENT_PCT,GINI_COEFFICIENT,TOTAL_POPULATION,LGBT_PCT,LAW_LEVEL,HC_LAW_SO,HC_LAW_GI,RATE_PER_100K_TOTAL,LGBT_POPULATION_EST,RATE_PER_100K_LGBT
1991,Arizona,West,1,1,1,1,100,0.447,3747000,NA,0,0,0,0.0267,NA,NA
1991,Colorado,West,10,10,7,1,70,0.453,3377000,NA,0,0,0,0.2961,NA,NA
1991,Connecticut,Northeast,12,13,2,0.33333333333333337,16.7,0.481,3291000,NA,1,1,0,0.3646,NA,NA
1991,Delaware,South,16,17,1,0.0625,6.2,0.445,685000,NA,0,0,0,2.3358,NA,NA
1991,District of Columbia,South,1,1,1,2,100,0.529,598000,NA,2,1,1,0.1672,NA,NA
1991,Georgia,South,11,11,6,0.9090909090909091,54.5,0.463,6917000,NA,0,0,0,0.159,NA,NA
1991,Idaho,West,3,3,2,1,66.7,0.432,1039000,NA,0,0,0,0.2887,NA,NA
1991,Illinois,Midwest,19,19,16,1.2105263157894737,84.2,0.462,11543000,NA,0,0,0,0.1646,NA,NA
1991,Iowa,Midwest,30,30,2,0.06666666666666668,6.7,0.426,2794000,NA,0,0,0,1.0737,NA,NA
1991,Maryland,South,10,10,5,0.7,50,0.445,4860000,NA,0,0,0,0.2058,NA,NA
1991,Massachusetts,Northeast,21,28,18,1.380952380952381,85.7,0.468,5996000,NA,1,1,0,0.3502,NA,NA
1991,Minnesota,Midwest,24,27,15,0.75,62.5,0.431,4432000,NA,2,1,1,0.5415,NA,NA
1991,Missouri,Midwest,11,11,6,0.9090909090909091,54.5,0.45,5158000,NA,0,0,0,0.2133,NA,NA
1991,New Jersey,Northeast,17,17,5,0.411764705882353,29.4,0.465,7760000,NA,1,1,0,0.2191,NA,NA
1991,New York,Northeast,100,100,54,1.08,54,0.492,18058000,NA,0,0,0,0.5538,NA,NA
1991,Ohio,Midwest,6,6,1,0.33333333333333337,16.7,0.444,10939000,NA,0,0,0,0.0548,NA,NA
1991,Oregon,West,49,49,37,1.1224489795918369,75.5,0.447,2922000,NA,1,1,0,1.6769,NA,NA
1991,Texas,South,11,13,9,1.2727272727272727,81.8,0.468,17349000,NA,0,0,0,0.0634,NA,NA
1991,Virginia,South,6,6,4,0.8333333333333333,66.7,0.452,6286000,NA,0,0,0,0.0955,NA,NA
1991,Washington,West,42,43,15,0.5952380952380952,35.7,0.443,5018000,NA,1,1,0,0.837,NA,NA
1991,Wisconsin,Midwest,7,7,4,0.8571428571428571,57.1,0.429,4955000,NA,1,1,0,0.1413,NA,NA
1992,Arizona,West,31,32,17,0.7419354838709677,54.8,0.449,3832000,NA,0,0,0,0.809,NA,NA
1992,Arkansas,South,5,5,4,1.4,80,0.458,2399000,NA,0,0,0,0.2084,NA,NA
1992,California,West,26,26,15,0.8846153846153846,57.7,0.476,30867000,NA,1,1,0,0.0842,NA,NA
1992,Colorado,West,29,29,13,0.6206896551724138,44.8,0.455,3470000,NA,0,0,0,0.8357,NA,NA
1992,Connecticut,Northeast,12,14,9,1.0833333333333333,75,0.484,3281000,NA,1,1,0,0.3657,NA,NA
1992,Delaware,South,22,22,1,0.04545454545454546,4.5,0.447,693000,NA,0,0,0,3.1746,NA,NA
1992,District of Columbia,South,4,4,3,1.25,75,0.533,589000,NA,2,1,1,0.6791,NA,NA
1992,Florida,South,44,44,35,1.2272727272727273,79.5,0.465,13488000,NA,1,1,0,0.3262,NA,NA
1992,Georgia,South,25,25,12,0.72,48,0.465,7099000,NA,0,0,0,0.3522,NA,NA
1992,Idaho,West,6,6,4,1.3333333333333333,66.7,0.434,1067000,NA,0,0,0,0.5623,NA,NA
1992,Illinois,Midwest,35,35,28,1.1142857142857143,80,0.464,11631000,NA,0,0,0,0.3009,NA,NA
1992,Indiana,Midwest,2,2,2,2,100,0.438,5663000,NA,0,0,0,0.0353,NA,NA
1992,Iowa,Midwest,10,10,0,0,0,0.428,2812000,NA,1,1,0,0.3556,NA,NA
1992,Louisiana,South,5,5,3,1,60,0.478,4287000,NA,0,0,0,0.1166,NA,NA
1992,Maine,Northeast,9,9,4,0.5555555555555556,44.4,0.432,1235000,NA,0,0,0,0.7287,NA,NA
1992,Maryland,South,24,24,9,0.5416666666666667,37.5,0.447,4908000,NA,0,0,0,0.489,NA,NA
1992,Massachusetts,Northeast,63,68,34,0.7619047619047619,54,0.47,5998000,NA,1,1,0,1.0504,NA,NA
1992,Michigan,Midwest,2,2,0,0,0,0.449,9437000,NA,0,0,0,0.0212,NA,NA
1992,Missouri,Midwest,14,15,6,0.5714285714285714,42.9,0.452,5193000,NA,0,0,0,0.2696,NA,NA
1992,Nevada,West,1,1,1,1,100,0.447,1327000,NA,0,0,0,0.0754,NA,NA
1992,New Jersey,Northeast,31,31,7,0.32258064516129037,22.6,0.467,7789000,NA,1,1,0,0.398,NA,NA
1992,New York,Northeast,115,115,54,0.756521739130435,47,0.494,18197000,NA,0,0,0,0.632,NA,NA
1992,North Carolina,South,1,1,0,0,0,0.461,6843000,NA,0,0,0,0.0146,NA,NA
1992,Ohio,Midwest,3,4,1,0.33333333333333337,33.3,0.446,10974000,NA,0,0,0,0.0273,NA,NA
1992,Oklahoma,South,3,3,1,0.6666666666666667,33.3,0.457,3212000,NA,0,0,0,0.0934,NA,NA
1992,Oregon,West,77,78,29,0.5064935064935064,37.7,0.449,3001000,NA,1,1,0,2.5658,NA,NA
1992,Rhode Island,Northeast,6,6,0,0,0,0.451,1004000,NA,0,0,0,0.5976,NA,NA
1992,Texas,South,59,59,38,0.9661016949152541,64.4,0.47,17656000,NA,0,0,0,0.3342,NA,NA
1992,Utah,West,1,1,0,0,0,0.415,1813000,NA,0,0,0,0.0552,NA,NA
1992,Virginia,South,3,3,0,0,0,0.454,6377000,NA,0,0,0,0.047,NA,NA
1992,Washington,West,72,74,36,0.6666666666666666,50,0.445,5136000,NA,1,1,0,1.4019,NA,NA
1992,Wisconsin,Midwest,17,17,9,0.6470588235294118,52.9,0.431,4991000,NA,1,1,0,0.3406,NA,NA
1993,Alaska,West,5,5,4,1.4,80,0.409,600000,NA,0,0,0,0.8333,NA,NA
1993,Arizona,West,13,13,9,0.923076923076923,69.2,0.451,3936000,NA,0,0,0,0.3303,NA,NA
1993,Arkansas,South,2,2,2,2,100,0.46,2424000,NA,0,0,0,0.0825,NA,NA
1993,California,West,116,117,65,0.7931034482758621,56,0.479,31211000,NA,1,1,0,0.3717,NA,NA
1993,Colorado,West,47,47,18,0.574468085106383,38.3,0.457,3565000,NA,0,0,0,1.3184,NA,NA
1993,Connecticut,Northeast,11,11,7,0.9090909090909091,63.6,0.487,3277000,NA,1,1,0,0.3357,NA,NA
1993,Delaware,South,13,13,3,0.38461538461538464,23.1,0.449,700000,NA,0,0,0,1.8571,NA,NA
1993,District of Columbia,South,4,4,4,1.5,100,0.537,578000,NA,2,1,1,0.692,NA,NA
1993,Florida,South,22,22,17,1.2727272727272727,77.3,0.467,13678000,NA,1,1,0,0.1608,NA,NA
1993,Georgia,South,22,22,11,0.7272727272727273,50,0.467,7273000,NA,0,0,0,0.3025,NA,NA
1993,Idaho,West,6,7,5,1.5,83.3,0.435,1099000,NA,0,0,0,0.546,NA,NA
1993,Illinois,Midwest,68,71,41,0.7647058823529411,60.3,0.466,11697000,NA,0,0,0,0.5813,NA,NA
1993,Indiana,Midwest,12,13,0,0,0,0.44,5713000,NA,0,0,0,0.21,NA,NA
1993,Iowa,Midwest,4,5,2,1,50,0.429,2829000,NA,1,1,0,0.1414,NA,NA
1993,Kentucky,South,2,2,0,0,0,0.46,3789000,NA,0,0,0,0.0528,NA,NA
1993,Louisiana,South,6,7,5,1.1666666666666667,83.3,0.48,4295000,NA,0,0,0,0.1397,NA,NA
1993,Maine,Northeast,10,11,6,0.8,60,0.434,1239000,NA,0,0,0,0.8071,NA,NA
1993,Maryland,South,15,15,5,0.39999999999999997,33.3,0.449,4965000,NA,0,0,0,0.3021,NA,NA
1993,Massachusetts,Northeast,29,29,17,1,58.6,0.473,6012000,NA,1,1,0,0.4824,NA,NA
1993,Michigan,Midwest,18,19,6,0.6111111111111112,33.3,0.451,9478000,NA,0,0,0,0.1899,NA,NA
1993,Missouri,Midwest,11,12,6,0.7272727272727273,54.5,0.454,5234000,NA,0,0,0,0.2102,NA,NA
1993,New Jersey,Northeast,31,31,6,0.2903225806451613,19.4,0.469,7879000,NA,1,1,0,0.3935,NA,NA
1993,New York,Northeast,84,85,44,0.8333333333333334,52.4,0.497,18197000,NA,0,0,0,0.4616,NA,NA
1993,North Carolina,South,1,1,0,0,0,0.463,6945000,NA,0,0,0,0.0144,NA,NA
1993,Ohio,Midwest,18,18,4,0.33333333333333337,22.2,0.448,11017000,NA,0,0,0,0.1634,NA,NA
1993,Oklahoma,South,3,3,1,0.6666666666666667,33.3,0.459,3231000,NA,0,0,0,0.0929,NA,NA
1993,Oregon,West,62,62,27,0.6774193548387097,43.5,0.451,3032000,NA,1,1,0,2.0449,NA,NA
1993,Pennsylvania,Northeast,13,16,4,0.46153846153846145,30.8,0.453,12048000,NA,0,0,0,0.1079,NA,NA
1993,Rhode Island,Northeast,6,6,4,0.8333333333333333,66.7,0.453,997000,NA,0,0,0,0.6018,NA,NA
1993,South Carolina,South,2,2,2,1,100,0.466,3644000,NA,0,0,0,0.0549,NA,NA
1993,Texas,South,47,51,25,0.7659574468085107,53.2,0.472,17998000,NA,0,0,0,0.2611,NA,NA
1993,Utah,West,7,7,2,0.2857142857142857,28.6,0.416,1860000,NA,0,0,0,0.3763,NA,NA
1993,Virginia,South,12,12,4,0.41666666666666663,33.3,0.456,6491000,NA,0,0,0,0.1849,NA,NA
1993,Washington,West,107,111,47,0.7383177570093457,43.9,0.447,5255000,NA,1,1,0,2.0362,NA,NA
1993,Wisconsin,Midwest,4,4,2,0.75,50,0.432,5038000,NA,1,1,0,0.0794,NA,NA
1994,Arizona,West,30,31,17,0.8333333333333333,56.7,0.453,4075000,NA,0,0,0,0.7362,NA,NA
1994,Arkansas,South,1,1,0,0,0,0.462,2453000,NA,0,0,0,0.0408,NA,NA
1994,California,West,95,95,49,0.7684210526315789,51.6,0.481,31367000,NA,1,1,0,0.3029,NA,NA
1994,Colorado,West,23,24,9,0.4782608695652174,39.1,0.459,3656000,NA,0,0,0,0.6291,NA,NA
1994,Connecticut,Northeast,9,9,3,0.4444444444444444,33.3,0.489,3275000,NA,1,1,0,0.2748,NA,NA
1994,Delaware,South,12,12,2,0.16666666666666669,16.7,0.45,707000,NA,0,0,0,1.6973,NA,NA
1994,Florida,South,21,21,16,1.0952380952380953,76.2,0.469,13953000,NA,1,1,0,0.1505,NA,NA
1994,Georgia,South,22,22,10,0.7272727272727272,45.5,0.469,7458000,NA,0,0,0,0.295,NA,NA
1994,Idaho,West,9,9,5,0.5555555555555556,55.6,0.437,1133000,NA,0,0,0,0.7944,NA,NA
1994,Illinois,Midwest,32,32,24,1,75,0.468,11752000,NA,0,0,0,0.2723,NA,NA
1994,Indiana,Midwest,6,6,3,0.6666666666666667,50,0.441,5752000,NA,0,0,0,0.1043,NA,NA
1994,Iowa,Midwest,4,4,2,0.75,50,0.43,2829000,NA,1,1,0,0.1414,NA,NA
1994,Louisiana,South,5,5,3,1.2,60,0.481,4315000,NA,0,0,0,0.1159,NA,NA
1994,Maryland,South,9,9,3,0.6666666666666667,33.3,0.45,5006000,NA,0,0,0,0.1798,NA,NA
1994,Michigan,Midwest,7,7,4,0.7142857142857143,57.1,0.452,9496000,NA,0,0,0,0.0737,NA,NA
1994,Missouri,Midwest,9,9,2,0.2222222222222222,22.2,0.455,5278000,NA,0,0,0,0.1705,NA,NA
1994,Nevada,West,7,8,3,0.8571428571428571,42.9,0.45,1457000,NA,0,0,0,0.4804,NA,NA
1994,New Jersey,Northeast,39,40,5,0.15384615384615385,12.8,0.471,7903000,NA,1,1,0,0.4935,NA,NA
1994,New Mexico,West,1,1,0,0,0,0.473,1654000,NA,0,0,0,0.0605,NA,NA
1994,New York,Northeast,106,106,45,0.7075471698113208,42.5,0.499,18169000,NA,0,0,0,0.5834,NA,NA
1994,Ohio,Midwest,27,27,18,0.7407407407407408,66.7,0.45,11102000,NA,0,0,0,0.2432,NA,NA
1994,Oregon,West,45,45,18,0.6444444444444445,40,0.453,3086000,NA,1,1,0,1.4582,NA,NA
1994,Pennsylvania,Northeast,9,11,2,0.2222222222222222,22.2,0.455,12052000,NA,0,0,0,0.0747,NA,NA
1994,Rhode Island,Northeast,2,2,0,0,0,0.455,990000,NA,0,0,0,0.202,NA,NA
1994,South Carolina,South,4,4,3,1,75,0.467,3674000,NA,0,0,0,0.1089,NA,NA
1994,Tennessee,South,3,3,0,0,0,0.467,5319000,NA,0,0,0,0.0564,NA,NA
1994,Texas,South,60,64,35,0.916666666666667,58.3,0.474,18378000,NA,0,0,0,0.3265,NA,NA
1994,Utah,West,16,16,3,0.1875,18.8,0.417,1908000,NA,0,0,0,0.8386,NA,NA
1994,Vermont,Northeast,5,5,2,0.4,40,0.425,582000,NA,1,1,0,0.8591,NA,NA
1994,Virginia,South,5,5,3,0.8,60,0.458,6552000,NA,0,0,0,0.0763,NA,NA
1994,Washington,West,40,47,14,0.625,35,0.449,5343000,NA,1,1,0,0.7486,NA,NA
1994,Wisconsin,Midwest,6,6,1,0.3333333333333333,16.7,0.433,5082000,NA,1,1,0,0.1181,NA,NA
1994,Wyoming,West,3,4,2,1,66.7,0.435,480000,NA,0,0,0,0.625,NA,NA
1995,Alaska,West,1,1,1,1,100,0.412,604000,NA,0,0,0,0.1656,NA,NA
1995,Arizona,West,39,43,31,1.1794871794871795,79.5,0.455,4218000,NA,0,0,0,0.9246,NA,NA
1995,California,West,316,352,163,0.8037974683544304,51.6,0.483,31493000,NA,1,1,0,1.0034,NA,NA
1995,Colorado,West,14,14,5,0.42857142857142855,35.7,0.461,3747000,NA,0,0,0,0.3736,NA,NA
1995,Connecticut,Northeast,12,15,5,0.5833333333333334,41.7,0.492,3274000,NA,1,1,0,0.3665,NA,NA
1995,Delaware,South,4,5,1,0.25,25,0.452,717000,NA,0,0,0,0.5579,NA,NA
1995,District of Columbia,South,1,1,1,1,100,0.543,554000,NA,2,1,1,0.1805,NA,NA
1995,Florida,South,15,15,6,0.6,40,0.471,14166000,NA,1,1,0,0.1059,NA,NA
1995,Georgia,South,23,23,9,0.5217391304347826,39.1,0.471,7201000,NA,0,0,0,0.3194,NA,NA
1995,Idaho,West,8,8,4,0.5,50,0.438,1163000,NA,0,0,0,0.6879,NA,NA
1995,Illinois,Midwest,19,19,18,1.3157894736842106,94.7,0.47,11830000,NA,0,0,0,0.1606,NA,NA
1995,Indiana,Midwest,7,7,1,0.14285714285714288,14.3,0.443,5803000,NA,0,0,0,0.1206,NA,NA
1995,Iowa,Midwest,1,1,1,2,100,0.432,2842000,NA,1,1,0,0.0352,NA,NA
1995,Kentucky,South,4,5,1,0.25,25,0.463,3860000,NA,0,0,0,0.1036,NA,NA
1995,Louisiana,South,2,2,1,1,50,0.483,4342000,NA,0,0,0,0.0461,NA,NA
1995,Maine,Northeast,26,26,17,0.8461538461538461,65.4,0.437,1241000,NA,1,1,0,2.0951,NA,NA
1995,Maryland,South,7,7,0,0,0,0.452,5042000,NA,0,0,0,0.1388,NA,NA
1995,Massachusetts,Northeast,29,29,11,0.689655172413793,37.9,0.477,6074000,NA,1,1,0,0.4774,NA,NA
1995,Michigan,Midwest,38,39,16,0.5263157894736843,42.1,0.454,9549000,NA,0,0,0,0.3979,NA,NA
1995,Minnesota,Midwest,34,34,9,0.2941176470588235,26.5,0.438,4610000,NA,2,1,1,0.7375,NA,NA
1995,Missouri,Midwest,16,20,10,0.75,62.5,0.457,5324000,NA,0,0,0,0.3005,NA,NA
1995,Montana,West,2,2,2,1,100,0.45,870000,NA,0,0,0,0.2299,NA,NA
1995,Nevada,West,7,8,5,1.1428571428571428,71.4,0.452,1530000,NA,0,0,0,0.4575,NA,NA
1995,New Jersey,Northeast,31,31,6,0.22580645161290322,19.4,0.473,7945000,NA,1,1,0,0.3902,NA,NA
1995,New Mexico,West,3,3,2,1,66.7,0.475,1685000,NA,0,0,0,0.178,NA,NA
1995,New York,Northeast,111,111,33,0.36036036036036045,29.7,0.502,18136000,NA,0,0,0,0.612,NA,NA
1995,North Carolina,South,3,4,2,1,66.7,0.466,7195000,NA,0,0,0,0.0417,NA,NA
1995,Ohio,Midwest,29,29,6,0.20689655172413796,20.7,0.451,11151000,NA,0,0,0,0.2601,NA,NA
1995,Oklahoma,South,2,2,0,0,0,0.462,3278000,NA,0,0,0,0.061,NA,NA
1995,Oregon,West,41,41,23,0.926829268292683,56.1,0.455,3141000,NA,1,1,0,1.3053,NA,NA
1995,Pennsylvania,Northeast,7,7,2,0.42857142857142855,28.6,0.456,12072000,NA,0,0,0,0.058,NA,NA
1995,Rhode Island,Northeast,8,8,3,0.375,37.5,0.457,990000,NA,0,0,0,0.8081,NA,NA
1995,South Carolina,South,2,3,1,0.5,50,0.469,3673000,NA,0,0,0,0.0545,NA,NA
1995,South Dakota,Midwest,3,3,0,0,0,0.439,732000,NA,0,0,0,0.4098,NA,NA
1995,Tennessee,South,1,1,0,0,0,0.468,5256000,NA,0,0,0,0.019,NA,NA
1995,Texas,South,52,53,26,0.6730769230769229,50,0.476,18724000,NA,0,0,0,0.2777,NA,NA
1995,Utah,West,15,15,8,0.6666666666666667,53.3,0.419,1951000,NA,0,0,0,0.7688,NA,NA
1995,Vermont,Northeast,5,6,5,1,100,0.427,585000,NA,1,1,0,0.8547,NA,NA
1995,Washington,West,55,66,25,0.7090909090909092,45.5,0.451,5430000,NA,1,1,0,1.0129,NA,NA
1995,Wisconsin,Midwest,9,12,5,1.1111111111111112,55.6,0.435,5123000,NA,1,1,0,0.1757,NA,NA
1995,Wyoming,West,1,1,1,1,100,0.436,480000,NA,0,0,0,0.2083,NA,NA
1996,Alaska,West,2,2,1,1,50,0.414,608000,NA,0,0,0,0.3289,NA,NA
1996,Arizona,West,35,36,17,0.6571428571428573,48.6,0.457,4428000,NA,0,0,0,0.7904,NA,NA
1996,California,West,363,413,208,0.8595041322314049,57.3,0.486,31878000,NA,1,1,0,1.1387,NA,NA
1996,Colorado,West,9,9,1,0.22222222222222218,11.1,0.463,3823000,NA,0,0,0,0.2354,NA,NA
1996,Connecticut,Northeast,12,15,3,0.41666666666666663,25,0.495,3275000,NA,1,1,0,0.3664,NA,NA
1996,Delaware,South,5,5,1,0.4,20,0.454,725000,NA,0,0,0,0.6897,NA,NA
1996,District of Columbia,South,5,5,5,1.6,100,0.547,543000,NA,2,1,1,0.9208,NA,NA
1996,Florida,South,6,6,5,1.3333333333333333,83.3,0.473,14400000,NA,1,1,0,0.0417,NA,NA
1996,Georgia,South,10,10,7,0.9,70,0.473,7353000,NA,0,0,0,0.136,NA,NA
1996,Idaho,West,6,6,3,0.5,50,0.44,1189000,NA,0,0,0,0.5046,NA,NA
1996,Illinois,Midwest,23,25,11,0.782608695652174,47.8,0.472,11895000,NA,0,0,0,0.1934,NA,NA
1996,Indiana,Midwest,6,6,3,0.5,50,0.444,5841000,NA,0,0,0,0.1027,NA,NA
1996,Iowa,Midwest,1,1,1,1,100,0.433,2852000,NA,1,1,0,0.0351,NA,NA
1996,Kansas,Midwest,7,7,0,0,0,0.45,2572000,NA,0,0,0,0.2722,NA,NA
1996,Kentucky,South,6,6,3,0.6666666666666666,50,0.465,3883000,NA,0,0,0,0.1545,NA,NA
1996,Louisiana,South,2,2,1,0.5,50,0.485,4351000,NA,0,0,0,0.046,NA,NA
1996,Maine,Northeast,13,18,5,0.38461538461538464,38.5,0.438,1243000,NA,1,1,0,1.0459,NA,NA
1996,Maryland,South,9,9,3,0.33333333333333337,33.3,0.454,5072000,NA,0,0,0,0.1774,NA,NA
1996,Massachusetts,Northeast,52,52,19,0.6153846153846154,36.5,0.479,6092000,NA,1,1,0,0.8536,NA,NA
1996,Michigan,Midwest,45,45,17,0.5333333333333334,37.8,0.456,9594000,NA,0,0,0,0.469,NA,NA
1996,Minnesota,Midwest,50,50,14,0.38000000000000006,28,0.44,4657000,NA,2,1,1,1.0737,NA,NA
1996,Missouri,Midwest,10,10,1,0.10000000000000002,10,0.459,5359000,NA,0,0,0,0.1866,NA,NA
1996,Montana,West,2,2,1,0.5,50,0.452,879000,NA,0,0,0,0.2275,NA,NA
1996,Nevada,West,4,4,4,1,100,0.454,1603000,NA,0,0,0,0.2495,NA,NA
1996,New Jersey,Northeast,39,39,8,0.28205128205128205,20.5,0.475,8053000,NA,1,1,0,0.4843,NA,NA
1996,New Mexico,West,12,13,7,0.6666666666666666,58.3,0.477,1713000,NA,0,0,0,0.7005,NA,NA
1996,New York,Northeast,72,72,22,0.5972222222222221,30.6,0.504,18185000,NA,0,0,0,0.3959,NA,NA
1996,North Carolina,South,2,2,0,0,0,0.468,7322000,NA,0,0,0,0.0273,NA,NA
1996,Ohio,Midwest,26,27,10,0.38461538461538464,38.5,0.453,11173000,NA,0,0,0,0.2327,NA,NA
1996,Oklahoma,South,2,2,1,0.5,50,0.464,3300000,NA,0,0,0,0.0606,NA,NA
1996,Oregon,West,41,41,14,0.5609756097560977,34.1,0.457,3204000,NA,1,1,0,1.2797,NA,NA
1996,Pennsylvania,Northeast,8,8,0,0,0,0.458,12056000,NA,0,0,0,0.0664,NA,NA
1996,Rhode Island,Northeast,6,6,2,0.5,33.3,0.459,990000,NA,0,0,0,0.6061,NA,NA
1996,South Carolina,South,3,4,2,1.3333333333333333,66.7,0.471,3699000,NA,0,0,0,0.0811,NA,NA
1996,South Dakota,Midwest,1,1,1,1,100,0.44,737000,NA,0,0,0,0.1357,NA,NA
1996,Tennessee,South,2,2,2,1.5,100,0.47,5320000,NA,0,0,0,0.0376,NA,NA
1996,Texas,South,62,63,35,0.8064516129032256,56.5,0.478,19128000,NA,0,0,0,0.3241,NA,NA
1996,Utah,West,2,2,0,0,0,0.42,2000000,NA,0,0,0,0.1,NA,NA
1996,Vermont,Northeast,2,3,2,1,100,0.428,589000,NA,1,1,0,0.3396,NA,NA
1996,Virginia,South,5,6,1,0.2,20,0.462,6675000,NA,0,0,0,0.0749,NA,NA
1996,Washington,West,31,36,17,0.8709677419354838,54.8,0.453,5532000,NA,1,1,0,0.5604,NA,NA
1996,West Virginia,South,1,1,0,0,0,0.455,1826000,NA,0,0,0,0.0548,NA,NA
1996,Wisconsin,Midwest,4,4,2,0.5,50,0.436,5159000,NA,1,1,0,0.0775,NA,NA
1997,Alaska,West,1,1,0,0,0,0.416,610000,NA,0,0,0,0.1639,NA,NA
1997,Arizona,West,55,55,34,0.8363636363636363,61.8,0.459,4555000,NA,1,1,0,1.2075,NA,NA
1997,California,West,356,405,185,0.7808988764044944,52,0.488,32268000,NA,1,1,0,1.1033,NA,NA
1997,Colorado,West,14,14,3,0.28571428571428575,21.4,0.465,3893000,NA,0,0,0,0.3596,NA,NA
1997,Connecticut,Northeast,3,3,1,0.6666666666666667,33.3,0.498,3270000,NA,1,1,0,0.0917,NA,NA
1997,Delaware,South,7,8,1,0.14285714285714288,14.3,0.456,732000,NA,0,0,0,0.9563,NA,NA
1997,District of Columbia,South,2,2,1,1,50,0.55,529000,NA,2,1,1,0.3781,NA,NA
1997,Florida,South,19,19,12,0.9473684210526316,63.2,0.475,14654000,NA,1,1,0,0.1297,NA,NA
1997,Georgia,South,19,19,5,0.42105263157894735,26.3,0.475,7486000,NA,0,0,0,0.2538,NA,NA
1997,Idaho,West,4,4,2,0.5,50,0.441,1210000,NA,0,0,0,0.3306,NA,NA
1997,Illinois,Midwest,43,46,23,0.6744186046511629,53.5,0.474,11896000,NA,0,0,0,0.3615,NA,NA
1997,Indiana,Midwest,9,9,3,0.4444444444444444,33.3,0.446,5864000,NA,0,0,0,0.1535,NA,NA
1997,Iowa,Midwest,10,10,2,0.3,20,0.435,2869000,NA,1,1,0,0.3486,NA,NA
1997,Kansas,Midwest,9,9,3,0.4444444444444444,33.3,0.452,2594000,NA,0,0,0,0.347,NA,NA
1997,Kentucky,South,2,3,1,1,50,0.467,3908000,NA,0,0,0,0.0512,NA,NA
1997,Louisiana,South,2,3,2,1.5,100,0.487,4352000,NA,1,1,0,0.046,NA,NA
1997,Maine,Northeast,24,29,5,0.29166666666666663,20.8,0.44,1244000,NA,1,1,0,1.9293,NA,NA
1997,Maryland,South,11,11,4,0.6363636363636364,36.4,0.456,5094000,NA,0,0,0,0.2159,NA,NA
1997,Massachusetts,Northeast,55,55,14,0.4181818181818182,25.5,0.482,6118000,NA,1,1,0,0.899,NA,NA
1997,Michigan,Midwest,40,40,21,0.675,52.5,0.458,9774000,NA,0,0,0,0.4092,NA,NA
1997,Minnesota,Midwest,30,30,14,0.5666666666666667,46.7,0.441,4685000,NA,2,1,1,0.6403,NA,NA
1997,Missouri,Midwest,16,17,9,0.8125,56.2,0.461,5402000,NA,0,0,0,0.2962,NA,NA
1997,Montana,West,6,6,4,1,66.7,0.454,882000,NA,0,0,0,0.6803,NA,NA
1997,Nevada,West,6,7,2,0.6666666666666667,33.3,0.456,1677000,NA,0,0,0,0.3578,NA,NA
1997,New Jersey,Northeast,40,40,6,0.22499999999999998,15,0.477,8115000,NA,1,1,0,0.4929,NA,NA
1997,New Mexico,West,6,6,4,0.8333333333333333,66.7,0.479,1730000,NA,0,0,0,0.3468,NA,NA
1997,New York,Northeast,79,79,28,0.5822784810126582,35.4,0.507,18137000,NA,0,0,0,0.4356,NA,NA
1997,North Carolina,South,7,8,1,0.14285714285714288,14.3,0.47,7425000,NA,0,0,0,0.0943,NA,NA
1997,Ohio,Midwest,36,36,9,0.25,25,0.455,11186000,NA,0,0,0,0.3218,NA,NA
1997,Oklahoma,South,5,5,2,0.6,40,0.466,3317000,NA,0,0,0,0.1507,NA,NA
1997,Oregon,West,31,31,13,0.6451612903225807,41.9,0.459,3243000,NA,1,1,0,0.9559,NA,NA
1997,Pennsylvania,Northeast,4,5,1,0.25,25,0.46,12020000,NA,0,0,0,0.0333,NA,NA
1997,Rhode Island,Northeast,11,11,3,0.36363636363636365,27.3,0.461,987000,NA,0,0,0,1.1145,NA,NA
1997,South Carolina,South,3,3,1,0.6666666666666667,33.3,0.473,3760000,NA,0,0,0,0.0798,NA,NA
1997,South Dakota,Midwest,2,2,2,1,100,0.442,737000,NA,0,0,0,0.2714,NA,NA
1997,Tennessee,South,1,1,1,1,100,0.472,5368000,NA,0,0,0,0.0186,NA,NA
1997,Texas,South,55,63,40,1.0545454545454545,72.7,0.48,19439000,NA,0,0,0,0.2829,NA,NA
1997,Utah,West,8,8,1,0.125,12.5,0.422,2059000,NA,0,0,0,0.3885,NA,NA
1997,Virginia,South,10,13,5,0.5,50,0.464,6734000,NA,0,0,0,0.1485,NA,NA
1997,Washington,West,46,50,27,1,58.7,0.455,5610000,NA,1,1,0,0.82,NA,NA
1997,Wisconsin,Midwest,10,10,5,0.7999999999999999,50,0.438,5170000,NA,1,1,0,0.1934,NA,NA
1997,Wyoming,West,3,3,3,1.3333333333333333,100,0.44,480000,NA,0,0,0,0.625,NA,NA
1998,Arizona,West,56,57,27,0.7142857142857142,48.2,0.461,4669000,NA,1,1,0,1.1994,NA,NA
1998,Arkansas,South,1,1,1,2,100,0.468,2538000,NA,0,0,0,0.0394,NA,NA
1998,California,West,386,398,194,0.6865284974093263,50.3,0.49,32667000,NA,1,1,0,1.1816,NA,NA
1998,Colorado,West,17,17,1,0.1176470588235294,5.9,0.467,3971000,NA,0,0,0,0.4281,NA,NA
1998,Connecticut,Northeast,14,21,3,0.3571428571428571,21.4,0.5,3274000,NA,1,1,0,0.4276,NA,NA
1998,Delaware,South,6,6,0,0,0,0.457,743000,NA,0,0,0,0.8075,NA,NA
1998,District of Columbia,South,1,1,1,2,100,0.553,523000,NA,2,1,1,0.1912,NA,NA
1998,Florida,South,26,26,9,0.5384615384615385,34.6,0.477,14916000,NA,1,1,0,0.1743,NA,NA
1998,Georgia,South,9,9,4,0.5555555555555556,44.4,0.477,7642000,NA,0,0,0,0.1178,NA,NA
1998,Idaho,West,8,8,6,1.125,75,0.443,1229000,NA,0,0,0,0.6509,NA,NA
1998,Illinois,Midwest,49,57,36,1.0816326530612246,73.5,0.476,11895000,NA,0,0,0,0.4119,NA,NA
1998,Indiana,Midwest,5,5,1,0.4,20,0.448,5899000,NA,0,0,0,0.0848,NA,NA
1998,Iowa,Midwest,7,7,4,1,57.1,0.436,2862000,NA,1,1,0,0.2446,NA,NA
1998,Kansas,Midwest,7,7,3,0.5714285714285714,42.9,0.453,2625000,NA,0,0,0,0.2667,NA,NA
1998,Kentucky,South,8,10,3,0.625,37.5,0.468,3936000,NA,0,0,0,0.2033,NA,NA
1998,Louisiana,South,2,2,2,1,100,0.489,4362000,NA,1,1,0,0.0459,NA,NA
1998,Maine,Northeast,26,28,8,0.38461538461538464,30.8,0.442,1244000,NA,1,1,0,2.09,NA,NA
1998,Maryland,South,11,11,5,0.6363636363636364,45.5,0.458,5135000,NA,0,0,0,0.2142,NA,NA
1998,Massachusetts,Northeast,90,90,25,0.5,27.8,0.484,6147000,NA,1,1,0,1.4641,NA,NA
1998,Michigan,Midwest,64,64,27,0.578125,42.2,0.459,9817000,NA,0,0,0,0.6519,NA,NA
1998,Minnesota,Midwest,50,50,15,0.32,30,0.443,4726000,NA,2,1,1,1.058,NA,NA
1998,Mississippi,South,1,1,1,2,100,0.49,2752000,NA,0,0,0,0.0363,NA,NA
1998,Missouri,Midwest,11,11,6,0.8181818181818181,54.5,0.462,5439000,NA,0,0,0,0.2022,NA,NA
1998,Montana,West,1,1,1,1,100,0.455,882000,NA,0,0,0,0.1134,NA,NA
1998,Nebraska,Midwest,16,16,13,1.0625,81.2,0.443,1662000,NA,0,0,0,0.9627,NA,NA
1998,Nevada,West,7,7,4,0.5714285714285714,57.1,0.458,1747000,NA,0,0,0,0.4007,NA,NA
1998,New Hampshire,Northeast,3,3,2,0.6666666666666666,66.7,0.434,1185000,NA,1,1,0,0.2532,NA,NA
1998,New Jersey,Northeast,44,44,6,0.1590909090909091,13.6,0.479,8115000,NA,1,1,0,0.5422,NA,NA
1998,New Mexico,West,11,11,5,0.6363636363636365,45.5,0.481,1736000,NA,0,0,0,0.6336,NA,NA
1998,New York,Northeast,129,129,49,0.44961240310077527,38,0.509,18175000,NA,0,0,0,0.7098,NA,NA
1998,North Carolina,South,4,4,1,0.25,25,0.472,7546000,NA,0,0,0,0.053,NA,NA
1998,Ohio,Midwest,32,35,16,0.53125,50,0.456,11209000,NA,0,0,0,0.2855,NA,NA
1998,Oklahoma,South,6,7,1,0.33333333333333337,16.7,0.468,3347000,NA,0,0,0,0.1793,NA,NA
1998,Oregon,West,26,27,11,0.5769230769230769,42.3,0.461,3282000,NA,1,1,0,0.7922,NA,NA
1998,Pennsylvania,Northeast,5,5,3,0.8,60,0.462,12001000,NA,0,0,0,0.0417,NA,NA
1998,Rhode Island,Northeast,5,5,3,0.8,60,0.463,988000,NA,1,1,0,0.5061,NA,NA
1998,South Carolina,South,4,4,2,0.75,50,0.474,3836000,NA,0,0,0,0.1043,NA,NA
1998,South Dakota,Midwest,2,2,2,1.5,100,0.444,738000,NA,0,0,0,0.271,NA,NA
1998,Tennessee,South,7,7,5,1.1428571428571428,71.4,0.474,5430000,NA,0,0,0,0.1289,NA,NA
1998,Texas,South,59,65,35,0.8813559322033899,59.3,0.482,19759000,NA,0,0,0,0.2986,NA,NA
1998,Utah,West,8,8,0,0,0,0.423,2100000,NA,0,0,0,0.381,NA,NA
1998,Vermont,Northeast,4,4,4,1,100,0.431,594000,NA,1,1,0,0.6734,NA,NA
1998,Virginia,South,8,8,3,0.375,37.5,0.466,6791000,NA,0,0,0,0.1178,NA,NA
1998,Washington,West,42,44,18,0.6666666666666667,42.9,0.457,5689000,NA,1,1,0,0.7383,NA,NA
1998,West Virginia,South,2,2,2,1,100,0.458,1811000,NA,0,0,0,0.1104,NA,NA
1998,Wyoming,West,1,1,1,2,100,0.441,481000,NA,0,0,0,0.2079,NA,NA
1999,Arizona,West,43,44,23,0.7674418604651163,53.5,0.462,4778000,NA,1,1,0,0.9,NA,NA
1999,California,West,436,446,218,0.6880733944954128,50,0.492,33145000,NA,1,1,0,1.3154,NA,NA
1999,Colorado,West,26,27,4,0.23076923076923075,15.4,0.469,4056000,NA,0,0,0,0.641,NA,NA
1999,Connecticut,Northeast,24,29,3,0.25,12.5,0.503,3282000,NA,1,1,0,0.7313,NA,NA
1999,Delaware,South,5,5,0,0,0,0.459,753000,NA,0,0,0,0.664,NA,NA
1999,District of Columbia,South,6,6,6,1.3333333333333333,100,0.556,519000,NA,2,1,1,1.1561,NA,NA
1999,Florida,South,44,44,28,1.1136363636363638,63.6,0.479,15111000,NA,1,1,0,0.2912,NA,NA
1999,Georgia,South,8,8,5,0.875,62.5,0.479,7788000,NA,0,0,0,0.1027,NA,NA
1999,Idaho,West,8,8,3,0.5,37.5,0.444,1252000,NA,0,0,0,0.639,NA,NA
1999,Illinois,Midwest,29,32,21,0.9310344827586208,72.4,0.478,12128000,NA,0,0,0,0.2391,NA,NA
1999,Indiana,Midwest,18,18,3,0.16666666666666669,16.7,0.449,5942000,NA,0,0,0,0.3029,NA,NA
1999,Iowa,Midwest,4,4,2,1,50,0.437,2869000,NA,1,1,0,0.1394,NA,NA
1999,Kansas,Midwest,3,3,1,0.33333333333333337,33.3,0.455,2654000,NA,0,0,0,0.113,NA,NA
1999,Kentucky,South,9,10,6,1,66.7,0.47,3960000,NA,0,0,0,0.2273,NA,NA
1999,Louisiana,South,1,1,0,0,0,0.49,4372000,NA,1,1,0,0.0229,NA,NA
1999,Maine,Northeast,7,8,3,0.5714285714285714,42.9,0.443,1253000,NA,1,1,0,0.5587,NA,NA
1999,Maryland,South,25,25,9,0.48,36,0.459,5172000,NA,0,0,0,0.4834,NA,NA
1999,Massachusetts,Northeast,92,94,30,0.5108695652173912,32.6,0.486,6175000,NA,1,1,0,1.4899,NA,NA
1999,Michigan,Midwest,60,63,16,0.35,26.7,0.461,9864000,NA,0,0,0,0.6083,NA,NA
1999,Minnesota,Midwest,52,52,7,0.19230769230769232,13.5,0.445,4776000,NA,2,1,1,1.0888,NA,NA
1999,Missouri,Midwest,4,4,1,0.5,25,0.464,5468000,NA,0,0,0,0.0732,NA,NA
1999,Montana,West,8,8,2,0.25,25,0.457,882000,NA,0,0,0,0.907,NA,NA
1999,Nebraska,Midwest,10,10,2,0.3,20,0.445,1666000,NA,0,0,0,0.6002,NA,NA
1999,Nevada,West,8,8,4,0.625,50,0.459,1809000,NA,1,1,0,0.4422,NA,NA
1999,New Hampshire,Northeast,6,6,2,0.33333333333333337,33.3,0.435,1201000,NA,1,1,0,0.4996,NA,NA
1999,New Jersey,Northeast,37,37,5,0.16216216216216214,13.5,0.481,8143000,NA,1,1,0,0.4544,NA,NA
1999,New Mexico,West,2,2,2,1.5,100,0.483,1740000,NA,0,0,0,0.1149,NA,NA
1999,New York,Northeast,84,84,32,0.4047619047619048,38.1,0.511,18196000,NA,0,0,0,0.4616,NA,NA
1999,North Carolina,South,1,1,0,0,0,0.473,7651000,NA,0,0,0,0.0131,NA,NA
1999,Ohio,Midwest,32,32,8,0.3125,25,0.458,11257000,NA,0,0,0,0.2843,NA,NA
1999,Oklahoma,South,2,2,0,0,0,0.469,3358000,NA,0,0,0,0.0596,NA,NA
1999,Oregon,West,33,34,7,0.33333333333333337,21.2,0.463,3316000,NA,1,1,0,0.9952,NA,NA
1999,Pennsylvania,Northeast,9,9,7,1.1111111111111112,77.8,0.463,11994000,NA,0,0,0,0.075,NA,NA
1999,Rhode Island,Northeast,14,14,3,0.28571428571428575,21.4,0.465,991000,NA,1,1,0,1.4127,NA,NA
1999,South Carolina,South,3,3,0,0,0,0.476,3886000,NA,0,0,0,0.0772,NA,NA
1999,Tennessee,South,14,17,3,0.2857142857142857,21.4,0.475,5484000,NA,0,0,0,0.2553,NA,NA
1999,Texas,South,57,59,28,0.631578947368421,49.1,0.484,20044000,NA,0,0,0,0.2844,NA,NA
1999,Utah,West,10,10,5,0.5,50,0.424,2130000,NA,0,0,0,0.4695,NA,NA
1999,Vermont,Northeast,4,4,3,1,75,0.432,594000,NA,1,1,0,0.6734,NA,NA
1999,Virginia,South,17,18,8,0.5294117647058824,47.1,0.467,6873000,NA,0,0,0,0.2473,NA,NA
1999,Washington,West,38,38,21,0.7105263157894737,55.3,0.459,5756000,NA,1,1,0,0.6602,NA,NA
1999,West Virginia,South,3,3,2,0.6666666666666666,66.7,0.46,1806000,NA,0,0,0,0.1661,NA,NA
1999,Wisconsin,Midwest,14,14,7,0.8571428571428571,50,0.441,5250000,NA,1,1,0,0.2667,NA,NA
1999,Wyoming,West,1,1,1,2,100,0.443,479000,NA,0,0,0,0.2088,NA,NA
2000,Arizona,West,54,55,29,0.7037037037037037,53.7,0.464,5130632,NA,1,1,0,1.0525,NA,NA
2000,California,West,399,407,209,0.7493734335839598,52.4,0.495,33871648,NA,1,1,0,1.178,NA,NA
2000,Colorado,West,15,16,6,0.4666666666666667,40,0.471,4301261,NA,0,0,0,0.3487,NA,NA
2000,Connecticut,Northeast,13,15,3,0.46153846153846145,23.1,0.506,3405565,NA,1,1,0,0.3817,NA,NA
2000,Delaware,South,9,9,1,0.11111111111111109,11.1,0.461,783600,NA,0,0,0,1.1485,NA,NA
2000,District of Columbia,South,2,2,2,1,100,0.559,572059,NA,2,1,1,0.3496,NA,NA
2000,Florida,South,36,36,22,0.9444444444444444,61.1,0.481,15982378,NA,1,1,0,0.2252,NA,NA
2000,Georgia,South,11,11,4,0.6363636363636365,36.4,0.481,8186453,NA,0,0,0,0.1344,NA,NA
2000,Idaho,West,7,7,6,1,85.7,0.446,1293953,NA,0,0,0,0.541,NA,NA
2000,Illinois,Midwest,44,46,27,0.8636363636363635,61.4,0.48,12419293,NA,0,0,0,0.3543,NA,NA
2000,Indiana,Midwest,15,15,3,0.26666666666666666,20,0.451,6080485,NA,0,0,0,0.2467,NA,NA
2000,Iowa,Midwest,6,6,4,1,66.7,0.439,2926324,NA,1,1,0,0.205,NA,NA
2000,Kansas,Midwest,13,13,2,0.15384615384615383,15.4,0.457,2688418,NA,0,0,0,0.4836,NA,NA
2000,Kentucky,South,10,10,4,0.5,40,0.471,4041769,NA,0,0,0,0.2474,NA,NA
2000,Louisiana,South,2,2,0,0,0,0.492,4468976,NA,1,1,0,0.0448,NA,NA
2000,Maine,Northeast,13,13,7,0.6923076923076923,53.8,0.445,1274923,NA,1,1,0,1.0197,NA,NA
2000,Maryland,South,18,18,5,0.3888888888888889,27.8,0.461,5296486,NA,0,0,0,0.3398,NA,NA
2000,Massachusetts,Northeast,95,96,36,0.5684210526315789,37.9,0.489,6349097,NA,1,1,0,1.4963,NA,NA
2000,Michigan,Midwest,69,74,29,0.5652173913043479,42,0.463,9938444,NA,0,0,0,0.6943,NA,NA
2000,Minnesota,Midwest,24,24,7,0.41666666666666663,29.2,0.446,4919479,NA,2,1,1,0.4879,NA,NA
2000,Missouri,Midwest,3,3,1,0.33333333333333337,33.3,0.466,5595211,NA,0,0,0,0.0536,NA,NA
2000,Montana,West,4,4,2,0.75,50,0.459,902195,NA,0,0,0,0.4434,NA,NA
2000,Nebraska,Midwest,2,2,2,1.5,100,0.446,1711263,NA,0,0,0,0.1169,NA,NA
2000,Nevada,West,22,28,12,0.7727272727272727,54.5,0.461,1998257,NA,1,1,0,1.101,NA,NA
2000,New Hampshire,Northeast,14,15,4,0.42857142857142855,28.6,0.437,1235786,NA,1,1,0,1.1329,NA,NA
2000,New Jersey,Northeast,36,36,10,0.36111111111111105,27.8,0.483,8414350,NA,1,1,0,0.4278,NA,NA
2000,New Mexico,West,5,5,5,1.6,100,0.485,1819046,NA,0,0,0,0.2749,NA,NA
2000,New York,Northeast,69,69,7,0.17391304347826092,10.1,0.514,18976457,NA,2,1,1,0.3636,NA,NA
2000,North Carolina,South,1,1,1,2,100,0.475,8049313,NA,0,0,0,0.0124,NA,NA
2000,Ohio,Midwest,42,46,11,0.2619047619047619,26.2,0.46,11353140,NA,0,0,0,0.3699,NA,NA
2000,Oklahoma,South,6,7,3,0.8333333333333333,50,0.471,3450654,NA,0,0,0,0.1739,NA,NA
2000,Oregon,West,30,30,11,0.4666666666666666,36.7,0.465,3421399,NA,1,1,0,0.8768,NA,NA
2000,Pennsylvania,Northeast,5,5,2,0.6,40,0.465,12281054,NA,0,0,0,0.0407,NA,NA
2000,Rhode Island,Northeast,15,15,5,0.4,33.3,0.467,1048319,NA,1,1,0,1.4309,NA,NA
2000,South Dakota,Midwest,1,1,1,1,100,0.447,754844,NA,0,0,0,0.1325,NA,NA
2000,Tennessee,South,28,29,9,0.5,32.1,0.477,5689283,NA,0,0,0,0.4922,NA,NA
2000,Texas,South,50,54,27,0.8400000000000001,54,0.486,20851820,NA,0,0,0,0.2398,NA,NA
2000,Utah,West,15,15,5,0.5333333333333333,33.3,0.426,2233169,NA,0,0,0,0.6717,NA,NA
2000,Vermont,Northeast,9,10,2,0.33333333333333337,22.2,0.434,608827,NA,1,1,0,1.4783,NA,NA
2000,Virginia,South,27,29,14,0.5925925925925926,51.9,0.469,7078515,NA,0,0,0,0.3814,NA,NA
2000,Washington,West,27,28,14,0.5925925925925926,51.9,0.461,5894121,NA,1,1,0,0.4581,NA,NA
2000,West Virginia,South,19,25,13,0.9473684210526316,68.4,0.462,1808344,NA,0,0,0,1.0507,NA,NA
2000,Wisconsin,Midwest,20,21,9,0.65,45,0.443,5363675,NA,1,1,0,0.3729,NA,NA
2000,Wyoming,West,2,2,1,0.5,50,0.444,493782,NA,0,0,0,0.405,NA,NA
2001,Alaska,West,1,1,1,2,100,0.416,635262,NA,0,0,0,0.1574,NA,NA
2001,Arizona,West,42,42,22,0.6904761904761904,52.4,0.46,5256770,NA,1,1,0,0.799,NA,NA
2001,California,West,420,421,202,0.6666666666666667,48.1,0.49,34209879,NA,1,1,0,1.2277,NA,NA
2001,Colorado,West,17,17,8,0.7647058823529411,47.1,0.467,4374054,NA,0,0,0,0.3887,NA,NA
2001,Connecticut,Northeast,24,28,7,0.5,29.2,0.501,3422418,NA,1,1,0,0.7013,NA,NA
2001,Delaware,South,5,6,3,1,60,0.457,795033,NA,0,0,0,0.6289,NA,NA
2001,District of Columbia,South,5,5,5,1.4,100,0.554,575025,NA,2,1,1,0.8695,NA,NA
2001,Florida,South,35,35,22,0.9142857142857144,62.9,0.477,16264271,NA,1,1,0,0.2152,NA,NA
2001,Georgia,South,9,9,2,0.2222222222222222,22.2,0.477,8336573,NA,0,0,0,0.108,NA,NA
2001,Idaho,West,3,3,2,1,66.7,0.442,1321316,NA,0,0,0,0.227,NA,NA
2001,Illinois,Midwest,46,50,30,0.9565217391304348,65.2,0.476,12460427,NA,0,0,0,0.3692,NA,NA
2001,Indiana,Midwest,13,13,7,0.7692307692307693,53.8,0.447,6120817,NA,0,0,0,0.2124,NA,NA
2001,Iowa,Midwest,2,2,2,1.5,100,0.435,2938327,NA,1,1,0,0.0681,NA,NA
2001,Kansas,Midwest,19,19,7,0.4736842105263158,36.8,0.453,2704888,NA,0,0,0,0.7024,NA,NA
2001,Kentucky,South,9,9,4,0.6666666666666667,44.4,0.467,4071529,NA,1,1,0,0.221,NA,NA
2001,Maine,Northeast,11,11,4,0.36363636363636365,36.4,0.441,1280267,NA,1,1,0,0.8592,NA,NA
2001,Maryland,South,22,22,6,0.31818181818181823,27.3,0.457,5344193,NA,0,0,0,0.4117,NA,NA
2001,Massachusetts,Northeast,106,110,30,0.42452830188679247,28.3,0.484,6368950,NA,1,1,0,1.6643,NA,NA
2001,Michigan,Midwest,55,58,23,0.43636363636363634,41.8,0.459,9932964,NA,0,0,0,0.5537,NA,NA
2001,Minnesota,Midwest,41,41,20,0.6585365853658536,48.8,0.442,4957924,NA,2,1,1,0.827,NA,NA
2001,Missouri,Midwest,10,10,8,1.1,80,0.462,5634583,NA,0,0,0,0.1775,NA,NA
2001,Montana,West,7,7,5,0.8571428571428571,71.4,0.455,910917,NA,0,0,0,0.7685,NA,NA
2001,Nebraska,Midwest,7,7,5,1,71.4,0.442,1722771,NA,0,0,0,0.4063,NA,NA
2001,Nevada,West,18,21,11,1,61.1,0.457,2068486,NA,1,1,0,0.8702,NA,NA
2001,New Hampshire,Northeast,9,9,1,0.11111111111111109,11.1,0.433,1243854,NA,1,1,0,0.7236,NA,NA
2001,New Jersey,Northeast,33,33,4,0.18181818181818182,12.1,0.479,8452104,NA,1,1,0,0.3904,NA,NA
2001,New Mexico,West,7,7,7,1.5714285714285714,100,0.481,1843059,NA,0,0,0,0.3798,NA,NA
2001,New York,Northeast,65,66,12,0.24615384615384617,18.5,0.509,19016622,NA,2,1,1,0.3418,NA,NA
2001,North Carolina,South,6,7,3,0.6666666666666667,50,0.471,8197930,NA,0,0,0,0.0732,NA,NA
2001,North Dakota,Midwest,3,3,2,0.6666666666666666,66.7,0.435,645239,NA,0,0,0,0.4649,NA,NA
2001,Ohio,Midwest,30,31,15,0.6333333333333333,50,0.456,11371476,NA,0,0,0,0.2638,NA,NA
2001,Oklahoma,South,3,3,0,0,0,0.467,3480724,NA,0,0,0,0.0862,NA,NA
2001,Oregon,West,67,67,17,0.35820895522388063,25.4,0.461,3462366,NA,1,1,0,1.9351,NA,NA
2001,Pennsylvania,Northeast,6,6,4,1,66.7,0.461,12323186,NA,0,0,0,0.0487,NA,NA
2001,Rhode Island,Northeast,12,12,3,0.33333333333333337,25,0.463,1048744,NA,1,1,0,1.1442,NA,NA
2001,South Carolina,South,8,9,7,1.125,87.5,0.474,4073347,NA,0,0,0,0.1964,NA,NA
2001,South Dakota,Midwest,2,2,2,1.5,100,0.443,760778,NA,0,0,0,0.2629,NA,NA
2001,Tennessee,South,33,35,15,0.5454545454545454,45.5,0.473,5754965,NA,0,0,0,0.5734,NA,NA
2001,Texas,South,55,59,35,0.890909090909091,63.6,0.482,21281194,NA,1,1,0,0.2584,NA,NA
2001,Utah,West,9,9,5,0.6666666666666666,55.6,0.422,2286241,NA,0,0,0,0.3937,NA,NA
2001,Vermont,Northeast,8,8,5,0.75,62.5,0.43,610518,NA,1,1,0,1.3104,NA,NA
2001,Virginia,South,44,49,22,0.6363636363636365,50,0.465,7170766,NA,0,0,0,0.6136,NA,NA
2001,Washington,West,39,39,16,0.5128205128205128,41,0.457,5977163,NA,1,1,0,0.6525,NA,NA
2001,West Virginia,South,8,8,3,0.5,37.5,0.458,1812809,NA,0,0,0,0.4413,NA,NA
2001,Wisconsin,Midwest,10,10,2,0.20000000000000004,20,0.439,5396006,NA,1,1,0,0.1853,NA,NA
2001,Wyoming,West,5,5,3,0.8,60,0.44,500766,NA,0,0,0,0.9985,NA,NA
2002,Alaska,West,3,3,2,1,66.7,0.414,643592,NA,0,0,0,0.4661,NA,NA
2002,Arizona,West,51,52,26,0.6470588235294118,51,0.459,5382909,NA,1,1,0,0.9474,NA,NA
2002,California,West,364,365,193,0.7335164835164835,53,0.488,34548110,NA,1,1,0,1.0536,NA,NA
2002,Colorado,West,12,13,7,0.8333333333333333,58.3,0.465,4446848,NA,0,0,0,0.2699,NA,NA
2002,Connecticut,Northeast,25,27,4,0.24,16,0.498,3439271,NA,1,1,0,0.7269,NA,NA
2002,Delaware,South,6,6,2,0.5,33.3,0.455,806467,NA,0,0,0,0.744,NA,NA
2002,District of Columbia,South,9,9,8,1.4444444444444444,88.9,0.551,577992,NA,2,1,1,1.5571,NA,NA
2002,Florida,South,47,47,34,1.0425531914893618,72.3,0.475,16546164,NA,1,1,0,0.2841,NA,NA
2002,Georgia,South,9,9,3,0.5555555555555556,33.3,0.475,8486693,NA,0,0,0,0.106,NA,NA
2002,Idaho,West,3,3,0,0,0,0.441,1348679,NA,0,0,0,0.2224,NA,NA
2002,Illinois,Midwest,35,37,30,1.2857142857142858,85.7,0.474,12501561,NA,0,0,0,0.28,NA,NA
2002,Indiana,Midwest,14,14,8,0.6428571428571429,57.1,0.445,6161148,NA,0,0,0,0.2272,NA,NA
2002,Iowa,Midwest,7,8,2,0.42857142857142855,28.6,0.434,2950330,NA,1,1,0,0.2373,NA,NA
2002,Kansas,Midwest,8,8,4,0.75,50,0.451,2721358,NA,0,0,0,0.294,NA,NA
2002,Kentucky,South,17,17,10,0.8823529411764706,58.8,0.465,4101289,NA,1,1,0,0.4145,NA,NA
2002,Louisiana,South,1,1,1,1,100,0.486,4481855,NA,1,1,0,0.0223,NA,NA
2002,Maine,Northeast,9,9,2,0.33333333333333337,22.2,0.44,1285611,NA,1,1,0,0.7001,NA,NA
2002,Maryland,South,15,15,7,0.6666666666666667,46.7,0.455,5391899,NA,0,0,0,0.2782,NA,NA
2002,Massachusetts,Northeast,97,98,28,0.4123711340206186,28.9,0.482,6388803,NA,1,1,0,1.5183,NA,NA
2002,Michigan,Midwest,47,47,22,0.6382978723404256,46.8,0.457,9927483,NA,0,0,0,0.4734,NA,NA
2002,Minnesota,Midwest,27,27,3,0.18518518518518523,11.1,0.441,4996368,NA,2,1,1,0.5404,NA,NA
2002,Missouri,Midwest,4,4,1,0.5,25,0.46,5673954,NA,0,0,0,0.0705,NA,NA
2002,Montana,West,6,7,5,1,83.3,0.453,919639,NA,0,0,0,0.6524,NA,NA
2002,Nebraska,Midwest,6,6,4,0.8333333333333333,66.7,0.441,1734279,NA,1,1,0,0.346,NA,NA
2002,Nevada,West,11,12,4,0.6363636363636365,36.4,0.455,2138716,NA,1,1,0,0.5143,NA,NA
2002,New Hampshire,Northeast,9,9,5,0.6666666666666667,55.6,0.432,1251923,NA,1,1,0,0.7189,NA,NA
2002,New Jersey,Northeast,34,34,5,0.1764705882352941,14.7,0.477,8489859,NA,1,1,0,0.4005,NA,NA
2002,New Mexico,West,5,5,4,0.8,80,0.479,1867073,NA,0,0,0,0.2678,NA,NA
2002,New York,Northeast,87,87,31,0.5632183908045978,35.6,0.507,19056786,NA,2,1,1,0.4565,NA,NA
2002,North Carolina,South,10,11,3,0.5,30,0.469,8346547,NA,0,0,0,0.1198,NA,NA
2002,North Dakota,Midwest,2,2,1,0.5,50,0.434,648278,NA,0,0,0,0.3085,NA,NA
2002,Ohio,Midwest,33,34,18,0.6363636363636364,54.5,0.454,11389813,NA,0,0,0,0.2897,NA,NA
2002,Oklahoma,South,1,1,1,1,100,0.465,3510793,NA,0,0,0,0.0285,NA,NA
2002,Oregon,West,9,9,1,0.22222222222222215,11.1,0.459,3503334,NA,1,1,0,0.2569,NA,NA
2002,Pennsylvania,Northeast,5,5,2,0.6,40,0.459,12365319,NA,1,1,0,0.0404,NA,NA
2002,Rhode Island,Northeast,19,19,7,0.5263157894736843,36.8,0.461,1049169,NA,1,1,0,1.811,NA,NA
2002,South Carolina,South,4,4,3,0.75,75,0.472,4134682,NA,0,0,0,0.0967,NA,NA
2002,South Dakota,Midwest,1,1,1,1,100,0.441,766711,NA,0,0,0,0.1304,NA,NA
2002,Tennessee,South,27,27,16,0.8518518518518519,59.3,0.471,5820647,NA,0,0,0,0.4639,NA,NA
2002,Texas,South,50,53,30,0.8,60,0.48,21710568,NA,1,1,0,0.2303,NA,NA
2002,Utah,West,9,9,4,0.5555555555555556,44.4,0.421,2339312,NA,0,0,0,0.3847,NA,NA
2002,Vermont,Northeast,6,9,5,1.1666666666666667,83.3,0.429,612210,NA,1,1,0,0.9801,NA,NA
2002,Virginia,South,39,41,14,0.46153846153846145,35.9,0.463,7263017,NA,0,0,0,0.537,NA,NA
2002,Washington,West,36,36,12,0.38888888888888895,33.3,0.455,6060205,NA,1,1,0,0.594,NA,NA
2002,West Virginia,South,4,5,3,1,75,0.456,1817274,NA,0,0,0,0.2201,NA,NA
2002,Wisconsin,Midwest,14,14,4,0.5,28.6,0.437,5428337,NA,1,1,0,0.2579,NA,NA
2003,Alaska,West,3,3,1,0.33333333333333337,33.3,0.413,651922,NA,0,0,0,0.4602,NA,NA
2003,Arizona,West,37,38,17,0.5675675675675675,45.9,0.459,5509048,NA,1,1,0,0.6716,NA,NA
2003,Arkansas,South,6,7,2,0.5,33.3,0.466,2746155,NA,0,0,0,0.2185,NA,NA
2003,California,West,337,339,175,0.6884272997032642,51.9,0.487,34886340,NA,2,1,1,0.966,NA,NA
2003,Colorado,West,12,14,5,0.6666666666666667,41.7,0.464,4519642,NA,0,0,0,0.2655,NA,NA
2003,Connecticut,Northeast,23,24,7,0.391304347826087,30.4,0.497,3456125,NA,1,1,0,0.6655,NA,NA
2003,Delaware,South,4,4,0,0,0,0.454,817900,NA,0,0,0,0.4891,NA,NA
2003,District of Columbia,South,18,18,12,0.8888888888888888,66.7,0.549,580958,NA,2,1,1,3.0983,NA,NA
2003,Florida,South,46,46,24,0.717391304347826,52.2,0.474,16828058,NA,1,1,0,0.2734,NA,NA
2003,Georgia,South,3,3,2,1.3333333333333333,66.7,0.474,8636813,NA,0,0,0,0.0347,NA,NA
2003,Idaho,West,1,1,1,2,100,0.44,1376042,NA,0,0,0,0.0727,NA,NA
2003,Illinois,Midwest,32,33,22,0.9375,68.8,0.473,12542695,NA,0,0,0,0.2551,NA,NA
2003,Indiana,Midwest,15,16,4,0.33333333333333337,26.7,0.445,6201480,NA,0,0,0,0.2419,NA,NA
2003,Iowa,Midwest,9,12,5,0.8888888888888888,55.6,0.433,2962333,NA,1,1,0,0.3038,NA,NA
2003,Kansas,Midwest,9,9,5,0.5555555555555556,55.6,0.45,2737828,NA,0,0,0,0.3287,NA,NA
2003,Kentucky,South,14,14,0,0,0,0.465,4131048,NA,1,1,0,0.3389,NA,NA
2003,Louisiana,South,3,3,2,1.3333333333333333,66.7,0.485,4488295,NA,1,1,0,0.0668,NA,NA
2003,Maine,Northeast,26,26,13,0.5769230769230769,50,0.439,1290954,NA,1,1,0,2.014,NA,NA
2003,Maryland,South,18,18,5,0.5,27.8,0.454,5439606,NA,0,0,0,0.3309,NA,NA
2003,Massachusetts,Northeast,72,74,24,0.4305555555555557,33.3,0.481,6408657,NA,1,1,0,1.1235,NA,NA
2003,Michigan,Midwest,37,38,19,0.6486486486486487,51.4,0.456,9922003,NA,0,0,0,0.3729,NA,NA
2003,Minnesota,Midwest,36,36,14,0.4722222222222222,38.9,0.44,5034813,NA,2,1,1,0.715,NA,NA
2003,Missouri,Midwest,5,5,2,0.8,40,0.459,5713326,NA,0,0,0,0.0875,NA,NA
2003,Montana,West,2,2,2,1,100,0.452,928361,NA,0,0,0,0.2154,NA,NA
2003,Nebraska,Midwest,5,5,3,0.8,60,0.44,1745786,NA,1,1,0,0.2864,NA,NA
2003,Nevada,West,14,14,5,0.5,35.7,0.454,2208945,NA,1,1,0,0.6338,NA,NA
2003,New Hampshire,Northeast,11,13,6,0.5454545454545454,54.5,0.431,1259991,NA,1,1,0,0.873,NA,NA
2003,New Jersey,Northeast,42,42,8,0.21428571428571427,19,0.476,8527613,NA,1,1,0,0.4925,NA,NA
2003,New Mexico,West,2,2,2,1.5,100,0.478,1891086,NA,2,1,1,0.1058,NA,NA
2003,New York,Northeast,71,71,26,0.46478873239436624,36.6,0.505,19096950,NA,2,1,1,0.3718,NA,NA
2003,North Carolina,South,10,13,4,0.5,40,0.468,8495164,NA,0,0,0,0.1177,NA,NA
2003,North Dakota,Midwest,1,1,0,0,0,0.433,651317,NA,0,0,0,0.1535,NA,NA
2003,Ohio,Midwest,32,32,11,0.4375,34.4,0.453,11408149,NA,0,0,0,0.2805,NA,NA
2003,Oklahoma,South,1,1,1,1,100,0.464,3540863,NA,0,0,0,0.0282,NA,NA
2003,Oregon,West,33,34,19,0.9090909090909091,57.6,0.458,3544302,NA,1,1,0,0.9311,NA,NA
2003,Pennsylvania,Northeast,19,20,9,0.6315789473684211,47.4,0.458,12407452,NA,1,1,0,0.15310000000000001,NA,NA
2003,Rhode Island,Northeast,22,22,4,0.2727272727272727,18.2,0.46,1049593,NA,1,1,0,2.0961,NA,NA
2003,South Carolina,South,5,5,4,1,80,0.471,4196018,NA,0,0,0,0.1192,NA,NA
2003,South Dakota,Midwest,3,3,2,0.6666666666666666,66.7,0.441,772645,NA,0,0,0,0.3883,NA,NA
2003,Tennessee,South,24,24,13,0.625,54.2,0.47,5886330,NA,0,0,0,0.4077,NA,NA
2003,Texas,South,54,57,29,0.7777777777777778,53.7,0.479,22139942,NA,1,1,0,0.2439,NA,NA
2003,Utah,West,7,9,5,1,71.4,0.42,2392384,NA,0,0,0,0.2926,NA,NA
2003,Vermont,Northeast,6,7,1,0.33333333333333337,16.7,0.428,613901,NA,1,1,0,0.9774,NA,NA
2003,Virginia,South,35,36,19,0.6,54.3,0.462,7355268,NA,0,0,0,0.4758,NA,NA
2003,Washington,West,52,57,30,0.826923076923077,57.7,0.454,6143247,NA,1,1,0,0.8465,NA,NA
2003,West Virginia,South,7,7,1,0.14285714285714288,14.3,0.455,1821739,NA,0,0,0,0.3842,NA,NA
2003,Wisconsin,Midwest,9,9,3,0.4444444444444444,33.3,0.437,5460668,NA,1,1,0,0.1648,NA,NA
2003,Wyoming,West,1,1,0,0,0,0.438,514735,NA,0,0,0,0.1943,NA,NA
2004,Arizona,West,33,33,16,0.6666666666666667,48.5,0.46,5635186,NA,1,1,0,0.5856,NA,NA
2004,Arkansas,South,1,1,0,0,0,0.467,2770407,NA,0,0,0,0.0361,NA,NA
2004,California,West,263,268,135,0.6882129277566541,51.3,0.489,35224571,NA,2,1,1,0.7466,NA,NA
2004,Colorado,West,3,3,1,0.33333333333333337,33.3,0.466,4592435,NA,0,0,0,0.0653,NA,NA
2004,Connecticut,Northeast,21,29,4,0.23809523809523805,19,0.499,3472978,NA,1,1,0,0.6047,NA,NA
2004,Delaware,South,9,9,1,0.1111111111111111,11.1,0.456,829334,NA,0,0,0,1.0852,NA,NA
2004,District of Columbia,South,29,29,16,0.8275862068965518,55.2,0.552,583925,NA,2,1,1,4.9664,NA,NA
2004,Florida,South,44,44,27,0.8636363636363635,61.4,0.476,17109951,NA,1,1,0,0.2572,NA,NA
2004,Georgia,South,12,12,7,1,58.3,0.476,8786933,NA,0,0,0,0.1366,NA,NA
2004,Idaho,West,4,4,1,0.25,25,0.442,1403405,NA,0,0,0,0.285,NA,NA
2004,Illinois,Midwest,35,35,24,0.8857142857142857,68.6,0.475,12583829,NA,0,0,0,0.2781,NA,NA
2004,Indiana,Midwest,15,16,6,0.4,40,0.446,6241812,NA,0,0,0,0.2403,NA,NA
2004,Iowa,Midwest,4,4,2,0.75,50,0.435,2974336,NA,1,1,0,0.1345,NA,NA
2004,Kansas,Midwest,13,14,4,0.38461538461538464,30.8,0.452,2754298,NA,0,0,0,0.472,NA,NA
2004,Kentucky,South,11,11,3,0.45454545454545453,27.3,0.466,4160808,NA,1,1,0,0.2644,NA,NA
2004,Louisiana,South,3,3,3,1.6666666666666667,100,0.487,4494734,NA,1,1,0,0.0667,NA,NA
2004,Maine,Northeast,35,39,14,0.4571428571428572,40,0.44,1296298,NA,1,1,0,2.7,NA,NA
2004,Maryland,South,18,18,9,0.7222222222222222,50,0.456,5487312,NA,0,0,0,0.328,NA,NA
2004,Massachusetts,Northeast,66,67,19,0.40909090909090906,28.8,0.483,6428510,NA,1,1,0,1.0267,NA,NA
2004,Michigan,Midwest,70,70,30,0.5571428571428573,42.9,0.458,9916522,NA,0,0,0,0.7059,NA,NA
2004,Minnesota,Midwest,31,31,10,0.45161290322580644,32.3,0.441,5073257,NA,2,1,1,0.611,NA,NA
2004,Missouri,Midwest,10,11,4,0.6,40,0.461,5752697,NA,0,0,0,0.1738,NA,NA
2004,Montana,West,6,6,4,1,66.7,0.454,937083,NA,0,0,0,0.6403,NA,NA
2004,Nebraska,Midwest,7,7,2,0.2857142857142857,28.6,0.442,1757294,NA,1,1,0,0.3983,NA,NA
2004,Nevada,West,10,10,4,0.6,40,0.456,2279175,NA,1,1,0,0.4388,NA,NA
2004,New Hampshire,Northeast,15,15,4,0.33333333333333337,26.7,0.432,1268060,NA,1,1,0,1.1829,NA,NA
2004,New Jersey,Northeast,54,54,6,0.12962962962962962,11.1,0.477,8565368,NA,1,1,0,0.6304,NA,NA
2004,New Mexico,West,4,4,3,1.25,75,0.479,1915099,NA,2,1,1,0.2089,NA,NA
2004,New York,Northeast,36,36,11,0.38888888888888895,30.6,0.507,19137115,NA,2,1,1,0.1881,NA,NA
2004,North Carolina,South,9,10,4,0.7777777777777778,44.4,0.47,8643781,NA,0,0,0,0.1041,NA,NA
2004,Ohio,Midwest,52,56,18,0.4423076923076923,34.6,0.455,11426486,NA,0,0,0,0.4551,NA,NA
2004,Oklahoma,South,4,4,1,0.5,25,0.466,3570933,NA,0,0,0,0.112,NA,NA
2004,Oregon,West,32,32,9,0.40625,28.1,0.459,3585269,NA,1,1,0,0.8925,NA,NA
2004,Pennsylvania,Northeast,17,17,1,0.11764705882352938,5.9,0.46,12449584,NA,1,1,0,0.1366,NA,NA
2004,Rhode Island,Northeast,7,7,1,0.14285714285714288,14.3,0.461,1050018,NA,1,1,0,0.6667,NA,NA
2004,South Carolina,South,17,20,9,0.7647058823529411,52.9,0.473,4257353,NA,0,0,0,0.3993,NA,NA
2004,South Dakota,Midwest,2,2,0,0,0,0.442,778578,NA,0,0,0,0.2569,NA,NA
2004,Tennessee,South,17,18,6,0.5294117647058824,35.3,0.472,5952012,NA,0,0,0,0.2856,NA,NA
2004,Texas,South,53,56,40,1.0377358490566038,75.5,0.481,22569316,NA,1,1,0,0.2348,NA,NA
2004,Utah,West,5,5,2,0.4,40,0.421,2445455,NA,0,0,0,0.2045,NA,NA
2004,Vermont,Northeast,5,5,2,0.6,40,0.429,615593,NA,1,1,0,0.8122,NA,NA
2004,Virginia,South,36,38,13,0.5833333333333333,36.1,0.464,7447519,NA,0,0,0,0.4834,NA,NA
2004,Washington,West,30,32,14,0.5333333333333333,46.7,0.455,6226289,NA,1,1,0,0.4818,NA,NA
2004,West Virginia,South,5,5,3,0.6,60,0.457,1826204,NA,0,0,0,0.2738,NA,NA
2004,Wisconsin,Midwest,9,9,3,0.5555555555555556,33.3,0.438,5492999,NA,1,1,0,0.1638,NA,NA
2005,Arizona,West,35,40,15,0.6285714285714286,42.9,0.461,5761324,NA,1,1,0,0.6075,NA,NA
2005,Arkansas,South,15,15,3,0.2666666666666667,20,0.468,2794659,NA,0,0,0,0.5367,NA,NA
2005,California,West,254,259,127,0.7244094488188975,50,0.491,35562802,NA,2,1,1,0.7142,NA,NA
2005,Colorado,West,16,16,8,0.5625,50,0.467,4665228,NA,1,1,0,0.343,NA,NA
2005,Connecticut,Northeast,9,10,0,0,0,0.501,3489831,NA,1,1,0,0.2579,NA,NA
2005,Delaware,South,6,6,0,0,0,0.457,840767,NA,0,0,0,0.7136,NA,NA
2005,District of Columbia,South,31,32,24,1.1612903225806452,77.4,0.554,586891,NA,2,1,1,5.2821,NA,NA
2005,Florida,South,29,29,21,0.9310344827586208,72.4,0.478,17391844,NA,1,1,0,0.1667,NA,NA
2005,Georgia,South,9,9,1,0.11111111111111109,11.1,0.477,8937053,NA,0,0,0,0.1007,NA,NA
2005,Idaho,West,4,4,3,1.25,75,0.443,1430768,NA,0,0,0,0.2796,NA,NA
2005,Illinois,Midwest,28,30,14,0.6785714285714286,50,0.476,12624962,NA,0,0,0,0.2218,NA,NA
2005,Indiana,Midwest,11,11,2,0.1818181818181818,18.2,0.447,6282144,NA,0,0,0,0.1751,NA,NA
2005,Iowa,Midwest,4,4,3,1.25,75,0.436,2986340,NA,1,1,0,0.1339,NA,NA
2005,Kansas,Midwest,9,10,5,0.8888888888888888,55.6,0.453,2770768,NA,0,0,0,0.3248,NA,NA
2005,Kentucky,South,7,7,1,0.14285714285714288,14.3,0.467,4190568,NA,1,1,0,0.167,NA,NA
2005,Louisiana,South,1,1,1,1,100,0.488,4501174,NA,1,1,0,0.0222,NA,NA
2005,Maine,Northeast,21,22,8,0.38095238095238093,38.1,0.441,1301642,NA,1,1,0,1.6133,NA,NA
2005,Maryland,South,11,11,4,0.36363636363636365,36.4,0.457,5535019,NA,1,1,0,0.1987,NA,NA
2005,Massachusetts,Northeast,64,66,26,0.609375,40.6,0.484,6448363,NA,1,1,0,0.9925,NA,NA
2005,Michigan,Midwest,55,58,29,0.6909090909090909,52.7,0.459,9911042,NA,0,0,0,0.5549,NA,NA
2005,Minnesota,Midwest,27,27,9,0.3703703703703704,33.3,0.443,5111702,NA,2,1,1,0.5282,NA,NA
2005,Missouri,Midwest,11,11,3,0.45454545454545453,27.3,0.462,5792069,NA,0,0,0,0.1899,NA,NA
2005,Montana,West,6,6,3,0.6666666666666667,50,0.455,945805,NA,0,0,0,0.6344,NA,NA
2005,Nebraska,Midwest,10,10,4,0.5,40,0.443,1768802,NA,1,1,0,0.5654,NA,NA
2005,Nevada,West,8,8,5,1.125,62.5,0.457,2349404,NA,1,1,0,0.3405,NA,NA
2005,New Hampshire,Northeast,8,10,5,0.875,62.5,0.433,1276128,NA,1,1,0,0.6269,NA,NA
2005,New Jersey,Northeast,42,42,7,0.2142857142857143,16.7,0.479,8603122,NA,1,1,0,0.4882,NA,NA
2005,New Mexico,West,1,1,1,1,100,0.481,1939112,NA,2,1,1,0.0516,NA,NA
2005,New York,Northeast,71,71,35,0.7746478873239437,49.3,0.509,19177280,NA,2,1,1,0.3702,NA,NA
2005,North Carolina,South,10,10,4,0.7000000000000001,40,0.471,8792398,NA,0,0,0,0.1137,NA,NA
2005,North Dakota,Midwest,1,1,1,1,100,0.436,657396,NA,0,0,0,0.1521,NA,NA
2005,Ohio,Midwest,27,28,13,0.5555555555555556,48.1,0.456,11444822,NA,0,0,0,0.2359,NA,NA
2005,Oklahoma,South,2,2,1,1,50,0.467,3601002,NA,0,0,0,0.0555,NA,NA
2005,Oregon,West,26,26,12,0.6923076923076922,46.2,0.461,3626236,NA,1,1,0,0.717,NA,NA
2005,Pennsylvania,Northeast,5,5,4,1,80,0.461,12491716,NA,1,1,0,0.04,NA,NA
2005,Rhode Island,Northeast,3,3,1,0.33333333333333337,33.3,0.463,1050443,NA,1,1,0,0.2856,NA,NA
2005,South Carolina,South,11,13,7,1,63.6,0.474,4318688,NA,0,0,0,0.2547,NA,NA
2005,South Dakota,Midwest,2,2,1,0.5,50,0.443,784512,NA,0,0,0,0.2549,NA,NA
2005,Tennessee,South,14,15,4,0.3571428571428571,28.6,0.473,6017694,NA,0,0,0,0.2326,NA,NA
2005,Texas,South,62,63,40,0.8870967741935484,64.5,0.482,22998690,NA,1,1,0,0.2696,NA,NA
2005,Utah,West,6,6,2,0.33333333333333337,33.3,0.422,2498527,NA,0,0,0,0.2401,NA,NA
2005,Vermont,Northeast,8,9,6,1,75,0.43,617284,NA,1,1,0,1.296,NA,NA
2005,Virginia,South,39,43,11,0.3076923076923077,28.2,0.465,7539770,NA,0,0,0,0.5173,NA,NA
2005,Washington,West,26,26,13,0.6153846153846155,50,0.457,6309330,NA,1,1,0,0.4121,NA,NA
2005,West Virginia,South,5,6,4,1,80,0.458,1830669,NA,0,0,0,0.2731,NA,NA
2005,Wisconsin,Midwest,5,5,3,1,60,0.439,5525330,NA,1,1,0,0.0905,NA,NA
2005,Wyoming,West,1,1,0,0,0,0.441,528704,NA,0,0,0,0.1891,NA,NA
2006,Alaska,West,2,2,1,0.5,50,0.4164,676911,NA,0,0,0,0.2955,NA,NA
2006,Arizona,West,29,33,10,0.4482758620689655,34.5,0.4618,5887463,NA,1,1,0,0.4926,NA,NA
2006,Arkansas,South,11,12,1,0.0909090909090909,9.1,0.4687,2818911,NA,0,0,0,0.3902,NA,NA
2006,California,West,246,259,143,0.878048780487805,58.1,0.4909,35901033,NA,2,1,1,0.6852,NA,NA
2006,Colorado,West,16,17,9,0.6875,56.2,0.4667,4738022,NA,1,1,0,0.3377,NA,NA
2006,Connecticut,Northeast,25,29,6,0.4,24,0.5009,3506684,NA,1,1,0,0.7129,NA,NA
2006,Delaware,South,8,8,2,0.25,25,0.4569,852200,NA,0,0,0,0.9387,NA,NA
2006,District of Columbia,South,34,34,24,1.1764705882352942,70.6,0.5524,589857,NA,2,1,1,5.7641,NA,NA
2006,Florida,South,40,40,29,0.975,72.5,0.4784,17673737,NA,1,1,0,0.2263,NA,NA
2006,Georgia,South,4,4,2,1,50,0.4774,9087173,NA,0,0,0,0.044,NA,NA
2006,Idaho,West,3,3,3,1,100,0.443,1458130,NA,0,0,0,0.2057,NA,NA
2006,Illinois,Midwest,29,29,22,1.0689655172413792,75.9,0.4763,12666096,NA,0,0,0,0.229,NA,NA
2006,Indiana,Midwest,10,10,1,0.1,10,0.4476,6322475,NA,0,0,0,0.1582,NA,NA
2006,Iowa,Midwest,9,10,3,0.5555555555555556,33.3,0.4369,2998343,NA,1,1,0,0.3002,NA,NA
2006,Kansas,Midwest,12,13,6,0.6666666666666667,50,0.4534,2787238,NA,0,0,0,0.4305,NA,NA
2006,Kentucky,South,12,12,2,0.33333333333333337,16.7,0.4676,4220328,NA,1,1,0,0.2843,NA,NA
2006,Louisiana,South,2,2,2,1.5,100,0.4884,4507614,NA,1,1,0,0.0444,NA,NA
2006,Maine,Northeast,16,18,7,0.4375,43.8,0.4421,1306986,NA,1,1,0,1.2242,NA,NA
2006,Maryland,South,13,13,4,0.38461538461538464,30.8,0.4574,5582726,NA,1,1,0,0.2329,NA,NA
2006,Massachusetts,Northeast,73,75,32,0.6712328767123287,43.8,0.484,6468216,NA,1,1,0,1.1286,NA,NA
2006,Michigan,Midwest,50,51,26,0.7,52,0.4592,9905562,NA,0,0,0,0.5048,NA,NA
2006,Minnesota,Midwest,16,16,2,0.1875,12.5,0.4439,5150147,NA,2,1,1,0.3107,NA,NA
2006,Missouri,Midwest,9,10,6,1,66.7,0.4627,5831441,NA,0,0,0,0.1543,NA,NA
2006,Montana,West,1,1,1,1,100,0.4548,954527,NA,0,0,0,0.1048,NA,NA
2006,Nebraska,Midwest,4,4,1,0.25,25,0.4436,1780310,NA,1,1,0,0.2247,NA,NA
2006,Nevada,West,13,13,7,0.6923076923076923,53.8,0.4571,2419633,NA,1,1,0,0.5373,NA,NA
2006,New Hampshire,Northeast,10,10,4,0.5,40,0.4334,1284196,NA,1,1,0,0.7787,NA,NA
2006,New Jersey,Northeast,68,68,12,0.2058823529411765,17.6,0.4786,8640876,NA,1,1,0,0.787,NA,NA
2006,New Mexico,West,5,5,1,0.2,20,0.4806,1963126,NA,2,1,1,0.2547,NA,NA
2006,New York,Northeast,85,85,44,0.7294117647058823,51.8,0.5083,19217444,NA,2,1,1,0.4423,NA,NA
2006,North Carolina,South,9,11,5,0.8888888888888888,55.6,0.4711,8941015,NA,0,0,0,0.1007,NA,NA
2006,Ohio,Midwest,29,31,9,0.3103448275862069,31,0.4567,11463158,NA,0,0,0,0.253,NA,NA
2006,Oklahoma,South,7,9,4,0.8571428571428571,57.1,0.4675,3631072,NA,0,0,0,0.1928,NA,NA
2006,Oregon,West,24,25,9,0.625,37.5,0.4612,3667204,NA,1,1,0,0.6544,NA,NA
2006,Pennsylvania,Northeast,12,12,3,0.25,25,0.4617,12533849,NA,1,1,0,0.0957,NA,NA
2006,Rhode Island,Northeast,4,5,2,0.5,50,0.4629,1050868,NA,1,1,0,0.3806,NA,NA
2006,South Carolina,South,18,19,9,0.8333333333333333,50,0.474,4380023,NA,0,0,0,0.411,NA,NA
2006,South Dakota,Midwest,7,7,2,0.42857142857142855,28.6,0.4434,790446,NA,0,0,0,0.8856,NA,NA
2006,Tennessee,South,42,43,22,0.7857142857142858,52.4,0.4733,6083376,NA,0,0,0,0.6904,NA,NA
2006,Texas,South,47,47,30,0.7446808510638298,63.8,0.4824,23428065,NA,1,1,0,0.2006,NA,NA
2006,Utah,West,8,9,4,0.625,50,0.4223,2551599,NA,0,0,0,0.3135,NA,NA
2006,Vermont,Northeast,9,9,6,0.7777777777777778,66.7,0.4309,618975,NA,1,1,0,1.454,NA,NA
2006,Virginia,South,37,41,16,0.5135135135135135,43.2,0.4653,7632020,NA,0,0,0,0.4848,NA,NA
2006,Washington,West,37,38,15,0.5135135135135135,40.5,0.4573,6392372,NA,1,1,0,0.5788,NA,NA
2006,West Virginia,South,8,8,6,0.875,75,0.4584,1835134,NA,0,0,0,0.4359,NA,NA
2006,Wisconsin,Midwest,12,12,9,1,75,0.4396,5557662,NA,1,1,0,0.2159,NA,NA
2006,Wyoming,West,2,2,1,0.5,50,0.4411,535688,NA,0,0,0,0.3734,NA,NA
2007,Alabama,South,1,1,1,1,100,0.4811,4679945,NA,0,0,0,0.0214,NA,NA
2007,Alaska,West,2,2,2,1.5,100,0.4167,685241,NA,0,0,0,0.2919,NA,NA
2007,Arizona,West,27,29,16,0.8888888888888888,59.3,0.4626,6013602,NA,1,1,0,0.449,NA,NA
2007,Arkansas,South,8,10,7,1,87.5,0.4694,2843163,NA,0,0,0,0.2814,NA,NA
2007,California,West,261,293,159,0.9310344827586207,60.9,0.4909,36239264,NA,2,1,1,0.7202,NA,NA
2007,Colorado,West,32,36,22,1,68.8,0.4664,4810816,NA,1,1,0,0.6652,NA,NA
2007,Connecticut,Northeast,20,22,6,0.35,30,0.5007,3523537,NA,1,1,0,0.5676,NA,NA
2007,Delaware,South,6,6,0,0,0,0.4567,863634,NA,0,0,0,0.6947,NA,NA
2007,District of Columbia,South,29,29,23,1.103448275862069,79.3,0.5509,592824,NA,2,1,1,4.8918,NA,NA
2007,Florida,South,25,25,14,0.76,56,0.4787,17955630,NA,1,1,0,0.1392,NA,NA
2007,Georgia,South,6,6,3,1,50,0.4779,9237293,NA,0,0,0,0.065,NA,NA
2007,Idaho,West,8,9,3,0.625,37.5,0.443,1485493,NA,0,0,0,0.5385,NA,NA
2007,Illinois,Midwest,29,29,18,0.8620689655172414,62.1,0.4766,12707230,NA,0,0,0,0.2282,NA,NA
2007,Indiana,Midwest,3,3,0,0,0,0.4481,6362807,NA,0,0,0,0.0471,NA,NA
2007,Iowa,Midwest,5,6,3,0.8,60,0.4377,3010346,NA,1,1,0,0.1661,NA,NA
2007,Kansas,Midwest,19,19,9,0.5789473684210527,47.4,0.4537,2803708,NA,0,0,0,0.6777,NA,NA
2007,Kentucky,South,8,8,2,0.375,25,0.4681,4250088,NA,1,1,0,0.1882,NA,NA
2007,Louisiana,South,2,2,2,2,100,0.4889,4514053,NA,1,1,0,0.0443,NA,NA
2007,Maine,Northeast,22,23,4,0.22727272727272727,18.2,0.4431,1312330,NA,1,1,0,1.6764,NA,NA
2007,Maryland,South,18,18,5,0.5,27.8,0.4577,5630432,NA,1,1,0,0.3197,NA,NA
2007,Massachusetts,Northeast,80,81,34,0.625,42.5,0.484,6488069,NA,1,1,0,1.233,NA,NA
2007,Michigan,Midwest,72,75,35,0.6111111111111113,48.6,0.4594,9900081,NA,0,0,0,0.7273,NA,NA
2007,Minnesota,Midwest,27,27,20,0.962962962962963,74.1,0.4447,5188591,NA,2,1,1,0.5204,NA,NA
2007,Missouri,Midwest,9,9,7,0.8888888888888888,77.8,0.4634,5870812,NA,0,0,0,0.1533,NA,NA
2007,Montana,West,6,7,3,0.8333333333333333,50,0.4546,963249,NA,0,0,0,0.6229,NA,NA
2007,Nebraska,Midwest,9,10,4,0.5555555555555556,44.4,0.4443,1791818,NA,1,1,0,0.5023,NA,NA
2007,Nevada,West,8,8,3,0.625,37.5,0.4573,2489863,NA,1,1,0,0.3213,NA,NA
2007,New Hampshire,Northeast,10,11,1,0.2,10,0.4337,1292265,NA,1,1,0,0.7738,NA,NA
2007,New Jersey,Northeast,81,81,18,0.271604938271605,22.2,0.4783,8678631,NA,2,1,1,0.9333,NA,NA
2007,New Mexico,West,1,1,1,1,100,0.4803,1987139,NA,2,1,1,0.0503,NA,NA
2007,New York,Northeast,74,74,48,0.9594594594594594,64.9,0.5076,19257608,NA,2,1,1,0.3843,NA,NA
2007,North Carolina,South,10,10,4,0.5,40,0.4711,9089632,NA,0,0,0,0.11,NA,NA
2007,North Dakota,Midwest,2,2,2,1,100,0.4367,663474,NA,0,0,0,0.3014,NA,NA
2007,Ohio,Midwest,52,55,22,0.576923076923077,42.3,0.4574,11481495,NA,0,0,0,0.4529,NA,NA
2007,Oklahoma,South,3,3,3,1,100,0.468,3661142,NA,0,0,0,0.0819,NA,NA
2007,Oregon,West,37,38,20,0.7027027027027027,54.1,0.4614,3708172,NA,1,1,0,0.9978,NA,NA
2007,Pennsylvania,Northeast,13,13,5,0.5384615384615385,38.5,0.4624,12575982,NA,1,1,0,0.1034,NA,NA
2007,Rhode Island,Northeast,8,8,3,0.375,37.5,0.4629,1051293,NA,1,1,0,0.761,NA,NA
2007,South Carolina,South,17,17,10,0.9411764705882353,58.8,0.474,4441358,NA,0,0,0,0.3828,NA,NA
2007,South Dakota,Midwest,1,1,0,0,0,0.4437,796379,NA,0,0,0,0.1256,NA,NA
2007,Tennessee,South,47,48,23,0.6382978723404257,48.9,0.4736,6149058,NA,0,0,0,0.7643,NA,NA
2007,Texas,South,46,48,32,0.9130434782608695,69.6,0.4827,23857439,NA,1,1,0,0.1928,NA,NA
2007,Utah,West,9,9,2,0.2222222222222222,22.2,0.4226,2604670,NA,0,0,0,0.3455,NA,NA
2007,Vermont,Northeast,6,6,1,0.16666666666666666,16.7,0.4319,620667,NA,1,1,0,0.9667,NA,NA
2007,Virginia,South,32,34,13,0.53125,40.6,0.4656,7724271,NA,0,0,0,0.4143,NA,NA
2007,Washington,West,39,40,16,0.5128205128205128,41,0.4576,6475414,NA,1,1,0,0.6023,NA,NA
2007,West Virginia,South,10,11,4,0.7,40,0.4589,1839599,NA,0,0,0,0.5436,NA,NA
2007,Wisconsin,Midwest,9,9,5,0.6666666666666667,55.6,0.4403,5589993,NA,1,1,0,0.161,NA,NA
2007,Wyoming,West,5,5,3,0.6,60,0.4413,542673,NA,0,0,0,0.9214,NA,NA
2008,Alabama,South,2,2,1,0.5,50,0.4817,4713209,NA,0,0,0,0.0424,NA,NA
2008,Alaska,West,1,1,0,0,0,0.4171,693571,NA,0,0,0,0.1442,NA,NA
2008,Arizona,West,25,27,13,0.76,52,0.4634,6139740,NA,1,1,0,0.4072,NA,NA
2008,Arkansas,South,11,11,5,0.5454545454545454,45.5,0.4701,2867414,NA,0,0,0,0.3836,NA,NA
2008,California,West,281,318,162,0.8327402135231315,57.7,0.4908,36577494,NA,2,1,1,0.7682,NA,NA
2008,Colorado,West,24,25,16,0.9583333333333333,66.7,0.4661,4883609,NA,1,1,0,0.4914,NA,NA
2008,Connecticut,Northeast,21,21,5,0.2857142857142857,23.8,0.5006,3540391,NA,1,1,0,0.5932,NA,NA
2008,Delaware,South,5,5,3,1,60,0.4566,875067,NA,0,0,0,0.5714,NA,NA
2008,District of Columbia,South,30,30,20,0.9666666666666666,66.7,0.5493,595790,NA,2,1,1,5.0353,NA,NA
2008,Florida,South,31,31,22,1.096774193548387,71,0.4791,18237524,NA,1,1,0,0.17,NA,NA
2008,Georgia,South,3,3,0,0,0,0.4783,9387413,NA,0,0,0,0.032,NA,NA
2008,Idaho,West,3,3,1,0.33333333333333337,33.3,0.443,1512856,NA,0,0,0,0.1983,NA,NA
2008,Illinois,Midwest,23,23,10,0.5217391304347826,43.5,0.4769,12748364,NA,0,0,0,0.1804,NA,NA
2008,Indiana,Midwest,12,12,5,0.5,41.7,0.4487,6403139,NA,0,0,0,0.1874,NA,NA
2008,Iowa,Midwest,4,4,0,0,0,0.4386,3022349,NA,1,1,0,0.1323,NA,NA
2008,Kansas,Midwest,22,22,10,0.5,45.5,0.4541,2820178,NA,0,0,0,0.7801,NA,NA
2008,Kentucky,South,15,15,6,0.8,40,0.4687,4279847,NA,1,1,0,0.3505,NA,NA
2008,Louisiana,South,3,4,3,1.6666666666666667,100,0.4893,4520493,NA,1,1,0,0.0664,NA,NA
2008,Maine,Northeast,20,20,7,0.5,35,0.4442,1317673,NA,1,1,0,1.5178,NA,NA
2008,Maryland,South,11,11,6,0.9090909090909091,54.5,0.4581,5678139,NA,1,1,0,0.1937,NA,NA
2008,Massachusetts,Northeast,67,67,24,0.5223880597014925,35.8,0.484,6507923,NA,1,1,0,1.0295,NA,NA
2008,Michigan,Midwest,58,61,26,0.5862068965517241,44.8,0.4596,9894601,NA,0,0,0,0.5862,NA,NA
2008,Minnesota,Midwest,30,30,22,0.9,73.3,0.4456,5227036,NA,2,1,1,0.5739,NA,NA
2008,Missouri,Midwest,14,14,8,0.7857142857142858,57.1,0.4641,5910184,NA,0,0,0,0.2369,NA,NA
2008,Montana,West,7,8,6,0.8571428571428571,85.7,0.4544,971971,NA,0,0,0,0.7202,NA,NA
2008,Nebraska,Midwest,15,15,6,0.5333333333333334,40,0.4449,1803325,NA,1,1,0,0.8318,NA,NA
2008,Nevada,West,13,13,8,1,61.5,0.4574,2560092,NA,1,1,0,0.5078,NA,NA
2008,New Hampshire,Northeast,11,11,7,0.7272727272727273,63.6,0.4341,1300333,NA,1,1,0,0.8459,NA,NA
2008,New Jersey,Northeast,80,80,16,0.22499999999999995,20,0.4779,8716385,NA,2,1,1,0.9178,NA,NA
2008,New Mexico,West,3,4,1,0.33333333333333337,33.3,0.4799,2011152,NA,2,1,1,0.1492,NA,NA
2008,New York,Northeast,83,83,50,0.7710843373493977,60.2,0.5069,19297773,NA,2,1,1,0.4301,NA,NA
2008,North Carolina,South,12,15,8,0.8333333333333333,66.7,0.4712,9238249,NA,0,0,0,0.1299,NA,NA
2008,North Dakota,Midwest,3,4,1,0.33333333333333337,33.3,0.4371,666513,NA,0,0,0,0.4501,NA,NA
2008,Ohio,Midwest,57,60,19,0.43859649122807015,33.3,0.4581,11499831,NA,0,0,0,0.4957,NA,NA
2008,Oklahoma,South,6,6,6,1.6666666666666667,100,0.4685,3691212,NA,0,0,0,0.1625,NA,NA
2008,Oregon,West,35,38,17,0.6285714285714287,48.6,0.4616,3749139,NA,1,1,0,0.9335,NA,NA
2008,Pennsylvania,Northeast,7,8,4,0.5714285714285714,57.1,0.4631,12618114,NA,1,1,0,0.0555,NA,NA
2008,Rhode Island,Northeast,10,11,2,0.2,20,0.4628,1051717,NA,1,1,0,0.9508,NA,NA
2008,South Carolina,South,22,25,9,0.6363636363636365,40.9,0.474,4502694,NA,0,0,0,0.4886,NA,NA
2008,South Dakota,Midwest,7,7,3,0.5714285714285714,42.9,0.4441,802313,NA,0,0,0,0.8725,NA,NA
2008,Tennessee,South,46,48,20,0.5869565217391305,43.5,0.4739,6214741,NA,0,0,0,0.7402,NA,NA
2008,Texas,South,56,57,30,0.7678571428571429,53.6,0.4831,24286813,NA,1,1,0,0.2306,NA,NA
2008,Utah,West,9,9,5,0.5555555555555556,55.6,0.4229,2657742,NA,0,0,0,0.3386,NA,NA
2008,Vermont,Northeast,5,5,4,1,80,0.4328,622358,NA,1,1,0,0.8034,NA,NA
2008,Virginia,South,30,31,10,0.36666666666666664,33.3,0.4659,7816522,NA,0,0,0,0.3838,NA,NA
2008,Washington,West,42,45,14,0.3571428571428571,33.3,0.4579,6558456,NA,1,1,0,0.6404,NA,NA
2008,West Virginia,South,9,10,6,0.7777777777777778,66.7,0.4593,1844064,NA,0,0,0,0.4881,NA,NA
2008,Wisconsin,Midwest,20,20,14,1,70,0.4409,5622324,NA,1,1,0,0.3557,NA,NA
2009,Alabama,South,2,2,0,0,0,0.4823,4746472,NA,0,0,0,0.0421,NA,NA
2009,Alaska,West,2,2,1,1,50,0.4174,701901,NA,1,1,0,0.2849,NA,NA
2009,Arizona,West,41,41,26,0.7317073170731707,63.4,0.4641,6265878,NA,1,1,0,0.6543,NA,NA
2009,Arkansas,South,13,14,7,0.7692307692307693,53.8,0.4709,2891666,NA,0,0,0,0.4496,NA,NA
2009,California,West,222,246,135,0.8783783783783784,60.8,0.4907,36915725,NA,2,1,1,0.6014,NA,NA
2009,Colorado,West,28,31,18,0.8928571428571429,64.3,0.4659,4956402,NA,1,1,0,0.5649,NA,NA
2009,Connecticut,Northeast,28,30,9,0.3928571428571429,32.1,0.5004,3557244,NA,1,1,0,0.7871,NA,NA
2009,Delaware,South,3,3,0,0,0,0.4564,886501,NA,1,1,0,0.3384,NA,NA
2009,District of Columbia,South,31,31,22,1.064516129032258,71,0.5477,598757,NA,2,1,1,5.1774,NA,NA
2009,Florida,South,26,26,16,0.8461538461538461,61.5,0.4794,18519417,NA,1,1,0,0.1404,NA,NA
2009,Georgia,South,4,4,0,0,0,0.4787,9537533,NA,0,0,0,0.0419,NA,NA
2009,Idaho,West,4,4,2,0.5,50,0.443,1540219,NA,0,0,0,0.2597,NA,NA
2009,Illinois,Midwest,21,21,14,0.8095238095238095,66.7,0.4771,12789498,NA,0,0,0,0.1642,NA,NA
2009,Indiana,Midwest,12,12,5,0.41666666666666663,41.7,0.4493,6443470,NA,0,0,0,0.1862,NA,NA
2009,Iowa,Midwest,4,4,2,0.75,50,0.4394,3034352,NA,1,1,0,0.1318,NA,NA
2009,Kansas,Midwest,18,18,11,0.8888888888888888,61.1,0.4544,2836648,NA,0,0,0,0.6346,NA,NA
2009,Kentucky,South,24,25,9,0.5,37.5,0.4693,4309607,NA,1,1,0,0.5569,NA,NA
2009,Louisiana,South,3,3,3,1.6666666666666667,100,0.4897,4526932,NA,1,1,0,0.0663,NA,NA
2009,Maine,Northeast,13,13,7,0.6153846153846154,53.8,0.4453,1323017,NA,1,1,0,0.9826,NA,NA
2009,Maryland,South,9,9,4,0.7777777777777778,44.4,0.4584,5725845,NA,1,1,0,0.1572,NA,NA
2009,Massachusetts,Northeast,67,69,20,0.3432835820895523,29.9,0.484,6527776,NA,1,1,0,1.0264,NA,NA
2009,Michigan,Midwest,61,64,42,1,68.9,0.4599,9889120,NA,0,0,0,0.6168,NA,NA
2009,Minnesota,Midwest,28,28,23,1.1785714285714286,82.1,0.4464,5265480,NA,2,1,1,0.5318,NA,NA
2009,Missouri,Midwest,21,21,11,0.6666666666666667,52.4,0.4649,5949555,NA,0,0,0,0.353,NA,NA
2009,Montana,West,9,10,5,0.6666666666666666,55.6,0.4541,980693,NA,0,0,0,0.9177,NA,NA
2009,Nebraska,Midwest,9,9,5,0.6666666666666666,55.6,0.4456,1814833,NA,1,1,0,0.4959,NA,NA
2009,Nevada,West,16,16,10,1.125,62.5,0.4576,2630322,NA,1,1,0,0.6083,NA,NA
2009,New Hampshire,Northeast,5,5,2,0.4,40,0.4344,1308402,NA,1,1,0,0.3821,NA,NA
2009,New Jersey,Northeast,64,64,6,0.125,9.4,0.4776,8754140,NA,2,1,1,0.7311,NA,NA
2009,New Mexico,West,5,5,1,0.2,20,0.4796,2035166,NA,2,1,1,0.2457,NA,NA
2009,New York,Northeast,117,118,90,1.017094017094017,76.9,0.5061,19337938,NA,2,1,1,0.605,NA,NA
2009,North Carolina,South,15,15,4,0.33333333333333337,26.7,0.4713,9386866,NA,0,0,0,0.1598,NA,NA
2009,North Dakota,Midwest,2,2,1,0.5,50,0.4374,669552,NA,0,0,0,0.2987,NA,NA
2009,Ohio,Midwest,46,47,17,0.4130434782608695,37,0.4589,11518168,NA,0,0,0,0.3994,NA,NA
2009,Oklahoma,South,14,14,5,0.42857142857142855,35.7,0.469,3721281,NA,0,0,0,0.3762,NA,NA
2009,Oregon,West,24,26,13,0.875,54.2,0.4619,3790106,NA,1,1,0,0.6332,NA,NA
2009,Pennsylvania,Northeast,2,2,0,0,0,0.4639,12660246,NA,1,1,0,0.0158,NA,NA
2009,Rhode Island,Northeast,12,12,9,1,75,0.4627,1052142,NA,1,1,0,1.1405,NA,NA
2009,South Carolina,South,17,18,9,0.7058823529411764,52.9,0.474,4564029,NA,0,0,0,0.3725,NA,NA
2009,South Dakota,Midwest,4,4,2,0.5,50,0.4444,808246,NA,0,0,0,0.4949,NA,NA
2009,Tennessee,South,44,49,22,0.6818181818181819,50,0.4741,6280423,NA,0,0,0,0.7006,NA,NA
2009,Texas,South,36,36,25,0.8888888888888888,69.4,0.4834,24716187,NA,1,1,0,0.1457,NA,NA
2009,Utah,West,6,6,3,0.6666666666666667,50,0.4231,2710813,NA,0,0,0,0.2213,NA,NA
2009,Vermont,Northeast,7,7,3,0.42857142857142855,42.9,0.4337,624050,NA,1,1,0,1.1217,NA,NA
2009,Virginia,South,18,19,10,0.7222222222222222,55.6,0.4661,7908773,NA,0,0,0,0.2276,NA,NA
2009,Washington,West,36,39,13,0.4444444444444444,36.1,0.4581,6641498,NA,1,1,0,0.542,NA,NA
2009,West Virginia,South,3,3,1,0.6666666666666667,33.3,0.4597,1848529,NA,0,0,0,0.1623,NA,NA
2009,Wisconsin,Midwest,11,11,4,0.5454545454545454,36.4,0.4416,5654655,NA,1,1,0,0.1945,NA,NA
2010,Alabama,South,2,2,1,0.5,50,0.4829,4779736,NA,0,0,0,0.0418,NA,NA
2010,Alaska,West,1,1,1,1,100,0.4178,710231,NA,1,1,0,0.1408,NA,NA
2010,Arizona,West,51,52,29,0.7843137254901962,56.9,0.4649,6392017,NA,1,1,0,0.7979,NA,NA
2010,Arkansas,South,9,9,2,0.33333333333333337,22.2,0.4716,2915918,NA,0,0,0,0.3087,NA,NA
2010,California,West,274,296,156,0.8138686131386862,56.9,0.4906,37253956,NA,2,1,1,0.7355,NA,NA
2010,Colorado,West,39,40,18,0.6153846153846154,46.2,0.4656,5029196,NA,1,1,0,0.7755,NA,NA
2010,Connecticut,Northeast,18,18,7,0.5,38.9,0.5003,3574097,NA,1,1,0,0.5036,NA,NA
2010,Delaware,South,3,3,2,1,66.7,0.4563,897934,NA,1,1,0,0.3341,NA,NA
2010,District of Columbia,South,35,35,28,1.2285714285714286,80,0.5461,601723,NA,2,1,1,5.8166,NA,NA
2010,Florida,South,29,29,18,0.896551724137931,62.1,0.4798,18801310,NA,1,1,0,0.1542,NA,NA
2010,Georgia,South,1,1,1,2,100,0.4791,9687653,NA,0,0,0,0.0103,NA,NA
2010,Idaho,West,2,2,2,1,100,0.443,1567582,NA,0,0,0,0.1276,NA,NA
2010,Illinois,Midwest,20,20,9,0.6,45,0.4774,12830632,NA,1,1,0,0.1559,NA,NA
2010,Indiana,Midwest,17,17,8,0.5294117647058824,47.1,0.4499,6483802,NA,0,0,0,0.2622,NA,NA
2010,Iowa,Midwest,5,5,2,0.6,40,0.4403,3046355,NA,1,1,0,0.1641,NA,NA
2010,Kansas,Midwest,15,15,11,0.8666666666666667,73.3,0.4548,2853118,NA,0,0,0,0.5257,NA,NA
2010,Kentucky,South,18,19,7,0.5555555555555557,38.9,0.4699,4339367,NA,1,1,0,0.4148,NA,NA
2010,Louisiana,South,2,2,2,1,100,0.4901,4533372,NA,1,1,0,0.0441,NA,NA
2010,Maine,Northeast,18,18,6,0.33333333333333337,33.3,0.4464,1328361,NA,1,1,0,1.3551,NA,NA
2010,Maryland,South,13,13,8,1,61.5,0.4588,5773552,NA,1,1,0,0.2252,NA,NA
2010,Massachusetts,Northeast,69,70,16,0.3333333333333333,23.2,0.484,6547629,NA,1,1,0,1.0538,NA,NA
2010,Michigan,Midwest,47,49,25,0.7021276595744681,53.2,0.4601,9883640,NA,0,0,0,0.4755,NA,NA
2010,Minnesota,Midwest,20,20,10,0.7,50,0.4473,5303925,NA,2,1,1,0.3771,NA,NA
2010,Missouri,Midwest,22,22,11,0.7727272727272727,50,0.4656,5988927,NA,0,0,0,0.3673,NA,NA
2010,Montana,West,10,11,8,1.1,80,0.4539,989415,NA,0,0,0,1.0107,NA,NA
2010,Nebraska,Midwest,7,7,4,0.5714285714285714,57.1,0.4462,1826341,NA,1,1,0,0.3833,NA,NA
2010,Nevada,West,15,15,9,1,60,0.4577,2700551,NA,1,1,0,0.5554,NA,NA
2010,New Hampshire,Northeast,11,11,2,0.1818181818181818,18.2,0.4348,1316470,NA,1,1,0,0.8356,NA,NA
2010,New Jersey,Northeast,39,39,6,0.17948717948717946,15.4,0.4772,8791894,NA,2,1,1,0.4436,NA,NA
2010,New Mexico,West,5,5,4,1.4,80,0.4792,2059179,NA,2,1,1,0.2428,NA,NA
2010,New York,Northeast,137,137,106,1.0072992700729926,77.4,0.5054,19378102,NA,2,1,1,0.707,NA,NA
2010,North Carolina,South,14,15,7,0.7142857142857143,50,0.4714,9535483,NA,0,0,0,0.1468,NA,NA
2010,North Dakota,Midwest,3,4,2,0.6666666666666666,66.7,0.4378,672591,NA,0,0,0,0.446,NA,NA
2010,Ohio,Midwest,34,35,11,0.4411764705882353,32.4,0.4596,11536504,NA,0,0,0,0.2947,NA,NA
2010,Oklahoma,South,10,10,4,0.6,40,0.4695,3751351,NA,0,0,0,0.2666,NA,NA
2010,Oregon,West,32,34,16,0.6875,50,0.4621,3831074,NA,1,1,0,0.8353,NA,NA
2010,Pennsylvania,Northeast,10,10,7,1,70,0.4646,12702379,NA,1,1,0,0.0787,NA,NA
2010,Rhode Island,Northeast,3,3,3,1.3333333333333333,100,0.4626,1052567,NA,1,1,0,0.285,NA,NA
2010,South Carolina,South,27,27,13,0.7037037037037037,48.1,0.474,4625364,NA,0,0,0,0.5837,NA,NA
2010,South Dakota,Midwest,10,10,7,0.9,70,0.4448,814180,NA,0,0,0,1.2282,NA,NA
2010,Tennessee,South,25,25,12,0.56,48,0.4744,6346105,NA,0,0,0,0.3939,NA,NA
2010,Texas,South,39,39,28,0.8974358974358975,71.8,0.4838,25145561,NA,1,1,0,0.1551,NA,NA
2010,Utah,West,15,15,7,0.5333333333333333,46.7,0.4234,2763885,NA,0,0,0,0.5427,NA,NA
2010,Vermont,Northeast,6,6,2,0.33333333333333337,33.3,0.4346,625741,NA,1,1,0,0.9589,NA,NA
2010,Virginia,South,15,15,10,0.8666666666666667,66.7,0.4664,8001024,NA,0,0,0,0.1875,NA,NA
2010,Washington,West,28,31,9,0.3571428571428571,32.1,0.4584,6724540,NA,1,1,0,0.4164,NA,NA
2010,West Virginia,South,4,4,1,0.25,25,0.4601,1852994,NA,0,0,0,0.2159,NA,NA
2010,Wisconsin,Midwest,28,28,19,0.9285714285714286,67.9,0.4422,5686986,NA,1,1,0,0.4924,NA,NA
2011,Alabama,South,6,6,3,0.6666666666666667,50,0.4834,4804190,NA,0,0,0,0.1249,NA,NA
2011,Alaska,West,1,1,0,0,0,0.4181,712547,NA,1,1,0,0.1403,NA,NA
2011,Arizona,West,35,35,17,0.6857142857142857,48.6,0.4657,6467966,NA,1,1,0,0.5411,NA,NA
2011,Arkansas,South,2,2,1,1,50,0.4723,2925479,NA,0,0,0,0.0684,NA,NA
2011,California,West,244,252,139,0.8524590163934426,57,0.4906,37482383,NA,2,1,1,0.651,NA,NA
2011,Colorado,West,42,44,22,0.7380952380952381,52.4,0.4653,5103648,NA,1,1,0,0.8229,NA,NA
2011,Connecticut,Northeast,25,26,9,0.48,36,0.5001,3577282,NA,1,1,0,0.6989,NA,NA
2011,Delaware,South,2,2,1,0.5,50,0.4561,907135,NA,1,1,0,0.2205,NA,NA
2011,District of Columbia,South,43,43,35,1.1395348837209303,81.4,0.5446,610505,NA,2,1,1,7.0433,NA,NA
2011,Florida,South,24,24,16,0.875,66.7,0.4801,19074998,NA,1,1,0,0.1258,NA,NA
2011,Georgia,South,4,5,3,1.25,75,0.4796,9790078,NA,0,0,0,0.0409,NA,NA
2011,Idaho,West,7,7,6,1.1428571428571428,85.7,0.443,1594734,NA,0,0,0,0.4389,NA,NA
2011,Illinois,Midwest,16,17,7,0.6875,43.8,0.4777,12828820,NA,2,1,1,0.1247,NA,NA
2011,Indiana,Midwest,12,12,8,1,66.7,0.4504,6513975,NA,0,0,0,0.1842,NA,NA
2011,Iowa,Midwest,6,6,4,1,66.7,0.4411,3060756,NA,1,1,0,0.196,NA,NA
2011,Kansas,Midwest,10,10,5,0.5,50,0.4551,2861594,NA,0,0,0,0.3495,NA,NA
2011,Kentucky,South,24,26,8,0.4583333333333333,33.3,0.4704,4356014,NA,1,1,0,0.551,NA,NA
2011,Louisiana,South,2,3,2,2,100,0.4906,4545810,NA,1,1,0,0.044,NA,NA
2011,Maine,Northeast,26,27,13,0.6153846153846154,50,0.4474,1331761,NA,1,1,0,1.9523,NA,NA
2011,Maryland,South,6,6,5,1.1666666666666667,83.3,0.4591,5813919,NA,1,1,0,0.1032,NA,NA
2011,Massachusetts,Northeast,92,92,41,0.6630434782608696,44.6,0.484,6595858,NA,1,1,0,1.3948,NA,NA
2011,Michigan,Midwest,52,54,26,0.7115384615384615,50,0.4603,9903009,NA,0,0,0,0.5251,NA,NA
2011,Minnesota,Midwest,32,32,16,0.75,50,0.4481,5344182,NA,2,1,1,0.5988,NA,NA
2011,Mississippi,South,1,1,1,1,100,0.4913,2966695,NA,0,0,0,0.0337,NA,NA
2011,Missouri,Midwest,30,30,19,0.8333333333333333,63.3,0.4663,6005526,NA,0,0,0,0.4995,NA,NA
2011,Montana,West,1,1,1,1,100,0.4537,998896,NA,0,0,0,0.1001,NA,NA
2011,Nebraska,Midwest,5,5,2,0.4,40,0.4469,1839857,NA,1,1,0,0.2718,NA,NA
2011,Nevada,West,11,11,6,0.8181818181818181,54.5,0.4579,2740957,NA,1,1,0,0.4013,NA,NA
2011,New Hampshire,Northeast,4,4,0,0,0,0.4351,1322576,NA,1,1,0,0.3024,NA,NA
2011,New Jersey,Northeast,60,60,7,0.16666666666666669,11.7,0.4769,8841604,NA,2,1,1,0.6786,NA,NA
2011,New Mexico,West,9,9,6,1,66.7,0.4789,2065013,NA,2,1,1,0.4358,NA,NA
2011,New York,Northeast,108,108,75,0.824074074074074,69.4,0.5047,19460417,NA,2,1,1,0.555,NA,NA
2011,North Carolina,South,17,18,5,0.47058823529411764,29.4,0.4714,9625874,NA,0,0,0,0.1766,NA,NA
2011,North Dakota,Midwest,5,5,2,0.6,40,0.4381,683241,NA,0,0,0,0.7318,NA,NA
2011,Ohio,Midwest,61,66,31,0.7213114754098362,50.8,0.4603,11562798,NA,0,0,0,0.5276,NA,NA
2011,Oklahoma,South,5,5,4,1,80,0.47,3772151,NA,0,0,0,0.1326,NA,NA
2011,Oregon,West,40,41,26,0.9750000000000001,65,0.4623,3871692,NA,1,1,0,1.0331,NA,NA
2011,Pennsylvania,Northeast,3,3,2,1,66.7,0.4653,12732411,NA,1,1,0,0.0236,NA,NA
2011,Rhode Island,Northeast,8,8,1,0.125,12.5,0.4626,1057048,NA,1,1,0,0.7568,NA,NA
2011,South Carolina,South,19,20,11,0.7368421052631579,57.9,0.474,4674670,NA,0,0,0,0.4064,NA,NA
2011,South Dakota,Midwest,4,4,4,1,100,0.4451,821429,NA,0,0,0,0.487,NA,NA
2011,Tennessee,South,31,32,10,0.4193548387096774,32.3,0.4747,6402578,NA,0,0,0,0.4842,NA,NA
2011,Texas,South,49,49,29,0.7755102040816326,59.2,0.4841,25545555,NA,1,1,0,0.1918,NA,NA
2011,Utah,West,14,14,8,0.7857142857142857,57.1,0.4237,2814658,NA,0,0,0,0.4974,NA,NA
2011,Vermont,Northeast,2,2,2,1,100,0.4356,627475,NA,1,1,0,0.3187,NA,NA
2011,Virginia,South,21,23,8,0.5238095238095238,38.1,0.4667,8064061,NA,0,0,0,0.2604,NA,NA
2011,Washington,West,51,53,21,0.5490196078431373,41.2,0.4587,6822614,NA,1,1,0,0.7475,NA,NA
2011,West Virginia,South,3,4,2,1.3333333333333333,66.7,0.4606,1847066,NA,0,0,0,0.1624,NA,NA
2011,Wisconsin,Midwest,18,21,10,1,55.6,0.4429,5707659,NA,1,1,0,0.3154,NA,NA
2011,Wyoming,West,1,1,1,1,100,0.4419,564948,NA,0,0,0,0.177,NA,NA
2012,Arizona,West,43,44,19,0.627906976744186,44.2,0.4665,6543914,3.5,1,1,0,0.6571,229037,18.7743
2012,Arkansas,South,14,14,6,0.5714285714285714,42.9,0.473,2935039,2.7,0,0,0,0.477,79246,17.6665
2012,California,West,233,240,148,0.96137339055794,63.5,0.4905,37710809,4,2,1,1,0.6179,1508432,15.4465
2012,Colorado,West,33,37,23,1.0303030303030303,69.7,0.465,5178100,3.7,1,1,0,0.6373,191590,17.2243
2012,Connecticut,Northeast,37,37,14,0.4594594594594595,37.8,0.5,3580466,3.4,1,1,0,1.0334,121736,30.3936
2012,Delaware,South,2,2,1,0.5,50,0.456,916337,3.2,1,1,0,0.2183,29323,6.8206
2012,District of Columbia,South,47,48,37,1.1914893617021276,78.7,0.543,619287,10,2,1,1,7.5894,61929,75.8934
2012,Florida,South,39,39,26,1.0512820512820513,66.7,0.4805,19348685,3.5,1,1,0,0.2016,677204,5.759
2012,Georgia,South,2,2,1,1,50,0.48,9892504,3.4,0,0,0,0.0202,336345,0.5946
2012,Idaho,West,10,10,5,0.7000000000000001,50,0.443,1621887,2.8,0,0,0,0.6166,45413,22.0201
2012,Illinois,Midwest,19,20,16,1.2105263157894737,84.2,0.478,12827007,3.5,2,1,1,0.1481,448945,4.2321
2012,Indiana,Midwest,7,7,2,0.42857142857142855,28.6,0.451,6544147,2.9,0,0,0,0.107,189780,3.6885
2012,Iowa,Midwest,2,2,0,0,0,0.442,3075158,2.8,1,1,0,0.065,86104,2.3228
2012,Kansas,Midwest,8,8,2,0.25,25,0.4555,2870070,2.9,0,0,0,0.2787,83232,9.6117
2012,Kentucky,South,28,30,14,0.6428571428571429,50,0.471,4372661,2.8,1,1,0,0.6403,122435,22.8693
2012,Louisiana,South,2,2,1,1,50,0.491,4558249,2.9,1,1,0,0.0439,132189,1.513
2012,Maine,Northeast,18,18,4,0.2222222222222222,22.2,0.4485,1335161,3.2,1,1,0,1.3482,42725,42.1299
2012,Maryland,South,7,7,4,0.8571428571428571,57.1,0.4595,5854286,3.7,1,1,0,0.1196,216609,3.2316
2012,Massachusetts,Northeast,80,81,26,0.44999999999999996,32.5,0.484,6644087,4,1,1,0,1.2041,265763,30.102
2012,Michigan,Midwest,64,68,28,0.5625,43.8,0.4605,9922378,3.3,0,0,0,0.645,327438,19.5457
2012,Minnesota,Midwest,11,11,5,0.8181818181818181,45.5,0.449,5384439,3.2,2,1,1,0.2043,172302,6.3841
2012,Mississippi,South,1,1,1,1,100,0.4915,2966093,2.5,0,0,0,0.0337,74152,1.3486
2012,Missouri,Midwest,22,22,10,0.6363636363636365,45.5,0.467,6022124,3,0,0,0,0.3653,180664,12.1773
2012,Montana,West,7,7,4,0.7142857142857143,57.1,0.4535,1008377,2.9,0,0,0,0.6942,29243,23.9374
2012,Nevada,West,23,26,17,1,73.9,0.458,2781364,3.7,1,1,0,0.8269,102910,22.3496
2012,New Hampshire,Northeast,4,4,2,0.5,50,0.4355,1328682,2.8,1,1,0,0.3011,37203,10.7518
2012,New Jersey,Northeast,72,72,12,0.23611111111111113,16.7,0.4765,8891314,3.5,2,1,1,0.8098,311196,23.1365
2012,New York,Northeast,98,98,79,0.9183673469387755,80.6,0.504,19542731,3.8,2,1,1,0.5015,742624,13.1964
2012,North Carolina,South,21,21,12,0.6666666666666667,57.1,0.4715,9716264,3,1,1,0,0.2161,291488,7.2044
2012,North Dakota,Midwest,9,10,5,0.6666666666666666,55.6,0.4385,693892,1.7,0,0,0,1.297,11796,76.297
2012,Ohio,Midwest,62,64,26,0.45161290322580644,41.9,0.461,11589093,3,0,0,0,0.535,347673,17.8328
2012,Oklahoma,South,2,2,2,1,100,0.4705,3792951,2.7,0,0,0,0.0527,102410,1.9529
2012,Oregon,West,9,9,3,0.4444444444444445,33.3,0.4625,3912310,3.7,1,1,0,0.23,144755,6.2174
2012,Pennsylvania,Northeast,4,4,2,0.75,50,0.466,12762443,3,1,1,0,0.0313,382873,1.0447
2012,Rhode Island,Northeast,5,8,1,0.4,20,0.4625,1061529,3.6,1,1,0,0.471,38215,13.0839
2012,South Carolina,South,19,19,8,0.631578947368421,42.1,0.474,4723976,2.9,0,0,0,0.4022,136995,13.8691
2012,South Dakota,Midwest,3,3,0,0,0,0.4455,828677,2.2,0,0,0,0.362,18231,16.4555
2012,Tennessee,South,50,58,27,0.76,54,0.475,6459052,2.8,0,0,0,0.7741,180853,27.6468
2012,Texas,South,55,56,34,0.8363636363636363,61.8,0.4845,25945550,3.2,1,1,0,0.212,830258,6.6244
2012,Utah,West,8,8,1,0.125,12.5,0.424,2865431,2.7,0,0,0,0.2792,77367,10.3403
2012,Vermont,Northeast,4,5,2,0.5,50,0.4365,629208,4.1,1,1,0,0.6357,25798,15.5051
2012,Virginia,South,27,27,14,0.7777777777777778,51.9,0.467,8127098,3.3,0,0,0,0.3322,268194,10.0673
2012,Washington,West,50,52,27,0.8200000000000001,54,0.459,6920688,3.6,1,1,0,0.7225,249145,20.0686
2012,West Virginia,South,5,6,3,0.6,60,0.461,1841138,2.4,0,0,0,0.2716,44187,11.3155
2012,Wisconsin,Midwest,13,13,3,0.3076923076923077,23.1,0.4435,5728332,3,1,1,0,0.2269,171850,7.5647
2013,Alabama,South,1,1,0,0,0,0.4846,4853099,2.8,0,0,0,0.0206,135887,0.7359
2013,Arizona,West,36,41,21,0.9166666666666667,58.3,0.4673,6619862,3.68,1,1,0,0.5438,243611,14.7777
2013,Arkansas,South,8,8,1,0.25,12.5,0.4737,2944600,2.9,0,0,0,0.2717,85393,9.3684
2013,California,West,221,228,130,0.8054298642533937,58.8,0.4904,37939236,4.26,2,1,1,0.5825,1616211,13.674
2013,Colorado,West,40,43,24,0.875,60,0.4647,5252551,3.9,1,1,0,0.7615,204849,19.5266
2013,Connecticut,Northeast,23,23,8,0.4782608695652174,34.8,0.4999,3583651,3.58,1,1,0,0.6418,128295,17.9274
2013,Delaware,South,3,3,1,0.33333333333333337,33.3,0.4559,925538,3.4,1,1,0,0.3241,31468,9.5335
2013,District of Columbia,South,44,44,38,1.1818181818181819,86.4,0.5414,628070,9.72,2,1,1,7.0056,61048,72.0744
2013,Florida,South,29,29,23,1.103448275862069,79.3,0.4809,19622373,3.68,1,1,0,0.1478,722103,4.016
2013,Georgia,South,17,18,13,0.8823529411764706,76.5,0.4804,9994930,3.58,0,0,0,0.1701,357818,4.751
2013,Idaho,West,4,6,2,1,50,0.443,1649039,2.96,0,0,0,0.2426,48812,8.1947
2013,Illinois,Midwest,29,29,20,1,69,0.4783,12825195,3.68,2,1,1,0.2261,471967,6.1445
2013,Indiana,Midwest,13,13,8,0.9230769230769231,61.5,0.4516,6574320,3.1,0,0,0,0.1977,203804,6.3787
2013,Iowa,Midwest,3,3,0,0,0,0.4429,3089559,2.98,1,1,0,0.0971,92069,3.2584
2013,Kansas,Midwest,12,12,5,0.5,41.7,0.4559,2878547,3.08,0,0,0,0.4169,88659,13.535
2013,Kentucky,South,31,31,11,0.4516129032258064,35.5,0.4716,4389308,2.98,1,1,0,0.7063,130801,23.7001
2013,Louisiana,South,8,8,5,0.75,62.5,0.4914,4570688,3.08,1,1,0,0.175,140777,5.6827
2013,Maine,Northeast,10,12,5,0.7,50,0.4496,1338560,3.4,1,1,0,0.7471,45511,21.9727
2013,Maryland,South,7,7,4,1.1428571428571428,57.1,0.4599,5894654,3.9,1,1,0,0.1188,229892,3.0449
2013,Massachusetts,Northeast,94,98,28,0.34042553191489366,29.8,0.484,6692315,4.22,1,1,0,1.4046,282416,33.2842
2013,Michigan,Midwest,49,51,20,0.5306122448979591,40.8,0.4607,9941747,3.48,0,0,0,0.4929,345973,14.163
2013,Minnesota,Midwest,30,30,18,0.8666666666666667,60,0.4499,5424696,3.4,2,1,1,0.553,184440,16.2655
2013,Missouri,Midwest,29,29,17,0.896551724137931,58.6,0.4677,6038723,3.18,0,0,0,0.4802,192031,15.1017
2013,Montana,West,4,4,2,0.5,50,0.4533,1017858,3.08,0,0,0,0.393,31350,12.7592
2013,Nebraska,Midwest,8,8,6,0.875,75,0.4481,1866890,2.88,1,1,0,0.4285,53766,14.8793
2013,Nevada,West,25,25,16,0.88,64,0.4581,2821770,3.9,1,1,0,0.886,110049,22.7172
2013,New Hampshire,Northeast,5,6,2,0.6,40,0.4359,1334788,3.04,1,1,0,0.3746,40578,12.3219
2013,New Jersey,Northeast,61,61,16,0.31147540983606564,26.2,0.4761,8941024,3.7,2,1,1,0.6822,330818,18.4391
2013,New Mexico,West,4,4,2,0.5,50,0.4781,2076682,4,2,1,1,0.1926,83067,4.8154
2013,New York,Northeast,127,127,112,0.9606299212598425,88.2,0.5033,19625046,4.02,2,1,1,0.6471,788927,16.0978
2013,North Carolina,South,23,23,14,0.8695652173913044,60.9,0.4716,9806654,3.2,1,1,0,0.2345,313813,7.3292
2013,North Dakota,Midwest,4,4,2,0.5,50,0.4389,704542,1.94,0,0,0,0.5677,13668,29.2654
2013,Ohio,Midwest,64,65,20,0.390625,31.2,0.4617,11615387,3.18,0,0,0,0.551,369369,17.3268
2013,Oklahoma,South,7,7,5,1,71.4,0.471,3813752,2.88,0,0,0,0.1835,109836,6.3731
2013,Oregon,West,14,16,9,0.8571428571428571,64.3,0.4627,3952929,3.94,1,1,0,0.3542,155745,8.9891
2013,Pennsylvania,Northeast,9,9,4,0.7777777777777779,44.4,0.4667,12792475,3.2,1,1,0,0.0704,409359,2.1986
2013,South Carolina,South,6,6,5,1.5,83.3,0.474,4773282,3.08,0,0,0,0.1257,147017,4.0812
2013,South Dakota,Midwest,1,1,1,1,100,0.4459,835926,2.38,0,0,0,0.1196,19895,5.0264
2013,Tennessee,South,37,38,18,0.7027027027027027,48.6,0.4753,6515526,2.98,0,0,0,0.5679,194163,19.0562
2013,Texas,South,45,45,36,1,80,0.4849,26345544,3.38,1,1,0,0.1708,890479,5.0535
2013,Utah,West,8,8,2,0.375,25,0.4243,2916204,2.88,0,0,0,0.2743,83987,9.5253
2013,Vermont,Northeast,3,3,2,1,66.7,0.4374,630942,4.34,1,1,0,0.4755,27383,10.9557
2013,Virginia,South,13,13,8,0.6923076923076923,61.5,0.4673,8190135,3.5,0,0,0,0.1587,286655,4.5351
2013,Washington,West,49,50,23,0.7346938775510204,46.9,0.4593,7018762,3.82,1,1,0,0.6981,268117,18.2756
2013,West Virginia,South,6,6,4,0.8333333333333333,66.7,0.4614,1835211,2.58,0,0,0,0.3269,47348,12.6721
2013,Wisconsin,Midwest,15,16,10,0.8666666666666667,66.7,0.4441,5749006,3.18,1,1,0,0.2609,182818,8.2049
2014,Alaska,West,1,1,0,0,0,0.4192,719495,3.72,1,1,0,0.139,26765,3.7362
2014,Arizona,West,55,56,26,0.6545454545454545,47.3,0.4681,6695811,3.86,1,1,0,0.8214,258458,21.2801
2014,Arkansas,South,1,1,0,0,0,0.4744,2954160,3.1,0,0,0,0.0339,91579,1.092
2014,California,West,210,221,130,0.9523809523809522,61.9,0.4904,38167663,4.52,2,1,1,0.5502,1725178,12.1727
2014,Colorado,West,26,28,19,1.153846153846154,73.1,0.4644,5327003,4.1,1,1,0,0.4881,218407,11.9044
2014,Connecticut,Northeast,17,18,6,0.4705882352941176,35.3,0.4997,3586836,3.76,1,1,0,0.474,134865,12.6052
2014,Delaware,South,3,3,1,0.6666666666666667,33.3,0.4557,934740,3.6,1,1,0,0.3209,33651,8.915
2014,District of Columbia,South,44,47,32,1.0454545454545454,72.7,0.5399,636852,9.44,2,1,1,6.909,60119,73.1882
2014,Florida,South,12,12,8,0.9166666666666667,66.7,0.4812,19896061,3.86,1,1,0,0.0603,767988,1.5625
2014,Georgia,South,12,12,6,0.75,50,0.4809,10097355,3.76,0,0,0,0.1188,379661,3.1607
2014,Idaho,West,3,3,2,0.6666666666666666,66.7,0.443,1676192,3.12,0,0,0,0.179,52297,5.7365
2014,Illinois,Midwest,26,26,17,0.923076923076923,65.4,0.4786,12823382,3.86,2,1,1,0.2028,494983,5.2527
2014,Indiana,Midwest,6,6,1,0.16666666666666666,16.7,0.4521,6604492,3.3,0,0,0,0.0908,217948,2.753
2014,Kansas,Midwest,9,9,2,0.3333333333333333,22.2,0.4562,2887023,3.26,0,0,0,0.3117,94117,9.5626
2014,Kentucky,South,20,23,11,0.7,55,0.4721,4405955,3.16,1,1,0,0.4539,139228,14.3649
2014,Louisiana,South,5,5,5,1,100,0.4919,4583126,3.26,1,1,0,0.1091,149410,3.3465
2014,Maine,Northeast,8,9,4,0.625,50,0.4506,1341960,3.6,1,1,0,0.5961,48311,16.5594
2014,Maryland,South,2,2,1,1,50,0.4602,5935021,4.1,2,1,1,0.0337,243336,0.8219
2014,Massachusetts,Northeast,131,133,39,0.38167938931297707,29.8,0.484,6740544,4.44,1,1,0,1.9435,299280,43.7717
2014,Michigan,Midwest,44,45,21,0.6363636363636365,47.7,0.4609,9961116,3.66,0,0,0,0.4417,364577,12.0688
2014,Minnesota,Midwest,16,16,5,0.375,31.2,0.4507,5464953,3.6,2,1,1,0.2928,196738,8.1326
2014,Mississippi,South,1,1,1,1,100,0.4919,2964890,2.86,0,0,0,0.0337,84796,1.1793
2014,Missouri,Midwest,15,15,9,0.7333333333333333,60,0.4684,6055321,3.36,0,0,0,0.2477,203459,7.3725
2014,Montana,West,5,5,2,0.4,40,0.4531,1027339,3.26,0,0,0,0.4867,33491,14.9294
2014,Nebraska,Midwest,10,10,4,0.39999999999999997,40,0.4488,1880406,3.06,1,1,0,0.5318,57540,17.3792
2014,Nevada,West,9,9,8,1.3333333333333333,88.9,0.4583,2862176,4.1,1,1,0,0.3144,117349,7.6694
2014,New Hampshire,Northeast,5,5,1,0.2,20,0.4362,1340894,3.28,1,1,0,0.3729,43981,11.3685
2014,New Jersey,Northeast,31,31,2,0.09677419354838712,6.5,0.4758,8990734,3.9,2,1,1,0.3448,350639,8.841
2014,New Mexico,West,1,1,1,2,100,0.4778,2082516,4.2,2,1,1,0.048,87466,1.1433
2014,New York,Northeast,114,114,95,0.9473684210526316,83.3,0.5026,19707361,4.24,2,1,1,0.5785,835592,13.643
2014,North Carolina,South,23,25,10,0.5652173913043479,43.5,0.4716,9897045,3.4,1,1,0,0.2324,336500,6.8351
2014,North Dakota,Midwest,4,4,3,1,75,0.4392,715192,2.18,0,0,0,0.5593,15591,25.6558
2014,Ohio,Midwest,69,70,19,0.4492753623188404,27.5,0.4624,11641682,3.36,0,0,0,0.5927,391161,17.6398
2014,Oklahoma,South,10,10,5,0.7,50,0.4715,3834552,3.06,0,0,0,0.2608,117337,8.5225
2014,Oregon,West,16,16,11,0.6875,68.8,0.4629,3993547,4.18,1,1,0,0.4006,166930,9.5849
2014,Pennsylvania,Northeast,1,1,1,1,100,0.4674,12822507,3.4,1,1,0,0.0078,435965,0.2294
2014,Rhode Island,Northeast,1,1,0,0,0,0.4624,1070492,4.04,1,1,0,0.0934,43248,2.3122
2014,South Carolina,South,11,11,5,0.7272727272727273,45.5,0.474,4822588,3.26,0,0,0,0.2281,157216,6.9967
2014,South Dakota,Midwest,4,4,2,0.5,50,0.4462,843175,2.56,0,0,0,0.4744,21585,18.5314
2014,Tennessee,South,23,23,13,0.8695652173913044,56.5,0.4756,6571999,3.16,0,0,0,0.35,207675,11.075
2014,Texas,South,46,46,28,0.782608695652174,60.9,0.4852,26745539,3.56,1,1,0,0.172,952141,4.8312
2014,Utah,West,3,3,1,0.33333333333333337,33.3,0.4246,2966977,3.06,0,0,0,0.1011,90789,3.3044
2014,Vermont,Northeast,1,1,0,0,0,0.4384,632675,4.58,1,1,0,0.1581,28977,3.451
2014,Virginia,South,21,21,9,0.5238095238095238,42.9,0.4676,8253172,3.7,0,0,0,0.2544,305367,6.877
2014,Washington,West,41,47,23,0.7560975609756098,56.1,0.4596,7116836,4.04,1,1,0,0.5761,287520,14.2599
2014,West Virginia,South,4,4,2,0.75,50,0.4619,1829283,2.76,0,0,0,0.2187,50488,7.9227
2014,Wisconsin,Midwest,9,9,6,0.8888888888888888,66.7,0.4448,5769679,3.36,1,1,0,0.156,193861,4.6425
2015,Alabama,South,2,3,2,1.5,100,0.4857,4902008,3.2,0,0,0,0.0408,156864,1.275
2015,Alaska,West,1,1,1,2,100,0.4196,721811,3.98,1,1,0,0.1385,28728,3.4809
2015,Arizona,West,57,57,29,0.6842105263157896,50.9,0.4689,6771760,4.04,1,1,0,0.8417,273579,20.8349
2015,Arkansas,South,2,2,0,0,0,0.4751,2963721,3.3,0,0,0,0.0675,97803,2.0449
2015,California,West,211,217,153,1.0379146919431281,72.5,0.4903,38396090,4.78,2,1,1,0.5495,1835333,11.4966
2015,Colorado,West,23,24,12,0.7826086956521741,52.2,0.4641,5401455,4.3,1,1,0,0.4258,232263,9.9026
2015,Connecticut,Northeast,8,9,1,0.25,12.5,0.4996,3590020,3.94,1,1,0,0.2228,141447,5.6558
2015,District of Columbia,South,37,37,31,1.2702702702702702,83.8,0.5383,645634,9.16,2,1,1,5.7308,59140,62.5634
2015,Florida,South,14,14,13,1.2857142857142858,92.9,0.4816,20169748,4.04,1,1,0,0.0694,814858,1.7181
2015,Georgia,South,6,6,3,0.5,50,0.4813,10199780,3.94,0,0,0,0.0588,401871,1.493
2015,Idaho,West,6,6,2,0.33333333333333337,33.3,0.443,1703344,3.28,0,0,0,0.3522,55870,10.7392
2015,Illinois,Midwest,18,18,9,0.5555555555555556,50,0.4789,12821570,4.04,2,1,1,0.1404,517991,3.475
2015,Indiana,Midwest,12,12,9,1.0833333333333333,75,0.4527,6634665,3.5,0,0,0,0.1809,232213,5.1677
2015,Iowa,Midwest,1,1,1,2,100,0.4446,3118362,3.34,1,1,0,0.0321,104153,0.9601
2015,Kansas,Midwest,8,8,5,1,62.5,0.4566,2895499,3.44,0,0,0,0.2763,99605,8.0317
2015,Kentucky,South,19,19,9,0.5789473684210527,47.4,0.4727,4422602,3.34,1,1,0,0.4296,147715,12.8626
2015,Louisiana,South,5,6,5,1.6,100,0.4923,4595564,3.44,1,1,0,0.1088,158087,3.1628
2015,Maine,Northeast,13,13,2,0.23076923076923075,15.4,0.4517,1345360,3.8,1,1,0,0.9663,51124,25.4284
2015,Maryland,South,7,7,7,1.1428571428571428,100,0.4606,5975388,4.3,2,1,1,0.1171,256942,2.7244
2015,Massachusetts,Northeast,118,123,51,0.5932203389830507,43.2,0.484,6788773,4.66,1,1,0,1.7382,316357,37.2996
2015,Michigan,Midwest,50,55,28,0.7399999999999999,56,0.4611,9980486,3.84,0,0,0,0.501,383251,13.0463
2015,Minnesota,Midwest,31,31,18,0.7419354838709676,58.1,0.4516,5505210,3.8,2,1,1,0.5631,209198,14.8185
2015,Missouri,Midwest,10,10,5,0.7,50,0.4691,6071920,3.54,0,0,0,0.1647,214946,4.6523
2015,Montana,West,2,2,2,2,100,0.4529,1036820,3.44,0,0,0,0.1929,35667,5.6074
2015,Nebraska,Midwest,8,8,5,0.625,62.5,0.4494,1893922,3.24,1,1,0,0.4224,61363,13.0372
2015,Nevada,West,17,19,14,1.4705882352941178,82.4,0.4584,2902582,4.3,1,1,0,0.5857,124811,13.6206
2015,New Hampshire,Northeast,2,2,2,1.5,100,0.4366,1347000,3.52,1,1,0,0.1485,47414,4.2182
2015,New Jersey,Northeast,33,33,4,0.12121212121212124,12.1,0.4754,9040444,4.1,2,1,1,0.365,370658,8.9031
2015,New Mexico,West,3,3,2,1,66.7,0.4774,2088350,4.4,2,1,1,0.1437,91887,3.2649
2015,New York,Northeast,106,106,82,0.9056603773584907,77.4,0.5019,19789676,4.46,2,1,1,0.5356,882620,12.0097
2015,North Carolina,South,36,40,19,0.8055555555555557,52.8,0.4717,9987436,3.6,1,1,0,0.3605,359548,10.0126
2015,North Dakota,Midwest,4,5,3,1.25,75,0.4396,725842,2.42,0,0,0,0.5511,17565,22.7726
2015,Ohio,Midwest,53,55,16,0.3584905660377359,30.2,0.4631,11667976,3.54,0,0,0,0.4542,413046,12.8315
2015,Oklahoma,South,7,7,3,0.5714285714285714,42.9,0.472,3855352,3.24,0,0,0,0.1816,124913,5.6039
2015,Oregon,West,11,13,5,0.7272727272727273,45.5,0.4631,4034165,4.42,1,1,0,0.2727,178310,6.169
2015,Pennsylvania,Northeast,10,11,7,0.8,70,0.4681,12852540,3.6,1,1,0,0.0778,462691,2.1613
2015,Rhode Island,Northeast,5,5,5,1.4,100,0.4623,1074973,4.26,1,1,0,0.4651,45794,10.9185
2015,South Carolina,South,7,8,5,1.1428571428571428,71.4,0.474,4871894,3.44,0,0,0,0.1437,167593,4.1768
2015,South Dakota,Midwest,5,5,5,1.2,100,0.4466,850424,2.74,0,0,0,0.5879,23302,21.4574
2015,Tennessee,South,28,29,11,0.5357142857142857,39.3,0.4759,6628472,3.34,0,0,0,0.4224,221391,12.6473
2015,Texas,South,45,47,31,0.9333333333333333,68.9,0.4856,27145533,3.74,1,1,0,0.1658,1015243,4.4324
2015,Utah,West,7,10,5,1,71.4,0.4249,3017750,3.24,0,0,0,0.232,97775,7.1593
2015,Vermont,Northeast,3,3,0,0,0,0.4393,634409,4.82,1,1,0,0.4729,30579,9.8107
2015,Virginia,South,24,25,12,0.625,50,0.4679,8316208,3.9,0,0,0,0.2886,324332,7.3998
2015,Washington,West,66,70,39,0.8181818181818181,59.1,0.4599,7214910,4.26,1,1,0,0.9148,307355,21.4735
2015,West Virginia,South,5,5,2,0.4,40,0.4623,1823355,2.94,0,0,0,0.2742,53607,9.3271
2015,Wisconsin,Midwest,7,7,4,1,57.1,0.4454,5790352,3.54,1,1,0,0.1209,204978,3.415
2016,Alabama,South,1,1,0,0,0,0.4863,4926462,3.4,0,0,0,0.0203,167500,0.597
2016,Arizona,West,53,58,31,0.8301886792452832,58.5,0.4696,6847708,4.22,1,1,0,0.774,288973,18.3408
2016,Arkansas,South,1,1,1,1,100,0.4759,2973282,3.5,0,0,0,0.0336,104065,0.9609
2016,California,West,231,239,155,0.9913419913419913,67.1,0.4902,38624516,5.04,2,1,1,0.5981,1946676,11.8664
2016,Colorado,West,23,24,10,0.6086956521739131,43.5,0.4639,5475907,4.5,1,1,0,0.42,246416,9.3338
2016,Connecticut,Northeast,10,10,5,0.6,50,0.4994,3593205,4.12,1,1,0,0.2783,148040,6.7549
2016,Delaware,South,1,1,1,1,100,0.4554,953142,4,1,1,0,0.1049,38126,2.6229
2016,District of Columbia,South,62,62,49,1.064516129032258,79,0.5367,654416,8.88,2,1,1,9.4741,58112,106.6905
2016,Florida,South,41,41,23,0.8292682926829269,56.1,0.4819,20443436,4.22,1,1,0,0.2006,862713,4.7524
2016,Georgia,South,12,12,8,0.8333333333333333,66.7,0.4817,10302206,4.12,0,0,0,0.1165,424451,2.8272
2016,Idaho,West,4,5,2,1,50,0.443,1730496,3.44,0,0,0,0.2311,59529,6.7194
2016,Illinois,Midwest,24,24,14,0.7083333333333333,58.3,0.4791,12819758,4.22,2,1,1,0.1872,540994,4.4363
2016,Indiana,Midwest,14,14,6,0.42857142857142855,42.9,0.4533,6664838,3.7,0,0,0,0.2101,246599,5.6772
2016,Iowa,Midwest,2,2,0,0,0,0.4454,3132763,3.52,1,1,0,0.0638,110273,1.8137
2016,Kansas,Midwest,5,5,3,0.8,60,0.4569,2903975,3.62,0,0,0,0.1722,105124,4.7563
2016,Kentucky,South,26,27,12,0.5,46.2,0.4733,4439248,3.52,1,1,0,0.5857,156262,16.6387
2016,Louisiana,South,4,5,2,0.5,50,0.4927,4608003,3.62,1,1,0,0.0868,166810,2.3979
2016,Maine,Northeast,8,8,1,0.125,12.5,0.4528,1348760,4,1,1,0,0.5931,53950,14.8285
2016,Maryland,South,7,7,7,1.4285714285714286,100,0.4609,6015755,4.5,2,1,1,0.1164,270709,2.5858
2016,Massachusetts,Northeast,90,96,39,0.6555555555555556,43.3,0.484,6837002,4.88,1,1,0,1.3164,333646,26.9747
2016,Michigan,Midwest,60,61,33,0.7666666666666667,55,0.4614,9999855,4.02,0,0,0,0.6,401994,14.9256
2016,Minnesota,Midwest,15,15,8,0.6666666666666667,53.3,0.4524,5545466,4,2,1,1,0.2705,221819,6.7623
2016,Mississippi,South,2,2,2,1,100,0.4924,2963686,3.22,0,0,0,0.0675,95431,2.0958
2016,Missouri,Midwest,10,11,8,1.3,80,0.4699,6088519,3.72,0,0,0,0.1642,226493,4.4151
2016,Montana,West,4,4,1,0.25,25,0.4526,1046301,3.62,0,0,0,0.3823,37876,10.5608
2016,Nebraska,Midwest,3,3,2,1,66.7,0.4501,1907439,3.42,1,1,0,0.1573,65234,4.5988
2016,Nevada,West,7,8,5,1,71.4,0.4586,2942989,4.5,1,1,0,0.2379,132435,5.2856
2016,New Hampshire,Northeast,5,5,1,0.2,20,0.4369,1353105,3.76,1,1,0,0.3695,50877,9.8276
2016,New Jersey,Northeast,31,31,2,0.06451612903225806,6.5,0.4751,9090154,4.3,2,1,1,0.341,390877,7.9309
2016,New Mexico,West,9,9,3,0.5555555555555556,33.3,0.4771,2094185,4.6,2,1,1,0.4298,96333,9.3426
2016,New York,Northeast,127,127,107,1.1496062992125986,84.3,0.5011,19871990,4.68,2,1,1,0.6391,930009,13.6558
2016,North Carolina,South,28,33,11,0.5714285714285715,39.3,0.4718,10077826,3.8,1,1,0,0.2778,382957,7.3115
2016,Ohio,Midwest,66,69,19,0.3484848484848484,28.8,0.4639,11694270,3.72,0,0,0,0.5644,435027,15.1715
2016,Oklahoma,South,5,5,2,0.8,40,0.4725,3876152,3.42,0,0,0,0.129,132564,3.7718
2016,Oregon,West,18,19,9,0.7777777777777779,50,0.4634,4074783,4.66,1,1,0,0.4417,189885,9.4794
2016,Pennsylvania,Northeast,18,19,17,1.1666666666666667,94.4,0.4689,12882572,3.8,1,1,0,0.1397,489538,3.6769
2016,Rhode Island,Northeast,3,3,1,0.6666666666666667,33.3,0.4622,1079454,4.48,1,1,0,0.2779,48360,6.2035
2016,South Carolina,South,4,4,3,1,75,0.474,4921201,3.62,0,0,0,0.0813,178147,2.2453
2016,South Dakota,Midwest,7,7,2,0.42857142857142855,28.6,0.4469,857672,2.92,0,0,0,0.8162,25044,27.9508
2016,Tennessee,South,24,25,9,0.45833333333333337,37.5,0.4761,6684946,3.52,0,0,0,0.359,235310,10.1993
2016,Texas,South,44,49,31,0.9545454545454545,70.5,0.4859,27545527,3.92,1,1,0,0.1597,1079785,4.0749
2016,Utah,West,8,10,4,0.75,50,0.4251,3068524,3.42,0,0,0,0.2607,104944,7.6231
2016,Vermont,Northeast,2,2,0,0,0,0.4402,636143,5.06,1,1,0,0.3144,32189,6.2133
2016,Virginia,South,22,25,5,0.2727272727272727,22.7,0.4681,8379245,4.1,0,0,0,0.2626,343549,6.4037
2016,Washington,West,85,93,44,0.6705882352941176,51.8,0.4601,7312985,4.48,1,1,0,1.1623000000000001,327622,25.9445
2016,West Virginia,South,7,7,5,1,71.4,0.4627,1817427,3.12,0,0,0,0.3852,56704,12.3448
2016,Wisconsin,Midwest,5,5,1,0.4,20,0.4461,5811025,3.72,1,1,0,0.086,216170,2.313
2017,Arizona,West,65,68,35,0.7230769230769231,53.8,0.4704,6923656,4.4,1,1,0,0.9388,304641,21.3366
2017,Arkansas,South,3,3,2,1.3333333333333333,66.7,0.4766,2982842,3.7,0,0,0,0.1006,110365,2.7183
2017,California,West,271,271,172,1.0073800738007381,63.5,0.4901,38852943,5.3,2,1,1,0.6975,2059206,13.1604
2017,Colorado,West,16,19,12,1.0625,75,0.4636,5550359,4.7,1,1,0,0.2883,260867,6.1334
2017,Connecticut,Northeast,20,20,6,0.35,30,0.4993,3596390,4.3,1,1,0,0.5561,154645,12.9328
2017,Delaware,South,7,7,3,0.5714285714285714,42.9,0.4553,962344,4.2,1,1,0,0.7274,40418,17.319
2017,District of Columbia,South,70,67,50,1.0142857142857142,71.4,0.5351,663198,8.6,2,1,1,10.5549,57035,122.7317
2017,Florida,South,32,30,23,1.09375,71.9,0.4823,20717124,4.4,1,1,0,0.1545,911553,3.5105
2017,Georgia,South,4,3,3,1.25,75,0.4821,10404632,4.3,0,0,0,0.0384,447399,0.8941
2017,Idaho,West,3,3,2,0.6666666666666666,66.7,0.443,1757649,3.6,0,0,0,0.1707,63275,4.7412
2017,Illinois,Midwest,15,14,11,1.0666666666666667,73.3,0.4794,12817945,4.4,2,1,1,0.117,563990,2.6596
2017,Indiana,Midwest,16,18,8,0.8125,50,0.4539,6695010,3.9,0,0,0,0.239,261105,6.1278
2017,Iowa,Midwest,1,1,0,0,0,0.4463,3147165,3.7,1,1,0,0.0318,116445,0.8588
2017,Kansas,Midwest,11,12,1,0.0909090909090909,9.1,0.4573,2912451,3.8,0,0,0,0.3777,110673,9.9392
2017,Kentucky,South,26,29,8,0.423076923076923,30.8,0.4739,4455895,3.7,1,1,0,0.5835,164868,15.7702
2017,Louisiana,South,2,2,0,0,0,0.4931,4620442,3.8,1,1,0,0.0433,175577,1.1391
2017,Maine,Northeast,7,6,1,0.14285714285714288,14.3,0.4539,1352160,4.2,1,1,0,0.5177,56791,12.3259
2017,Maryland,South,22,19,8,0.40909090909090906,36.4,0.4613,6056122,4.7,2,1,1,0.3633,284638,7.7291
2017,Massachusetts,Northeast,71,72,27,0.5211267605633804,38,0.484,6885231,5.1,1,1,0,1.0312,351147,20.2195
2017,Michigan,Midwest,56,58,26,0.6071428571428571,46.4,0.4616,10019224,4.2,0,0,0,0.5589,420807,13.3078
2017,Minnesota,Midwest,22,23,11,0.6363636363636364,50,0.4533,5585723,4.2,2,1,1,0.3939,234600,9.3777
2017,Missouri,Midwest,14,15,9,0.8571428571428571,64.3,0.4706,6105117,3.9,0,0,0,0.2293,238100,5.8799
2017,Montana,West,2,3,1,0.5,50,0.4524,1055782,3.8,0,0,0,0.1894,40120,4.985
2017,Nebraska,Midwest,5,4,0,0,0,0.4507,1920955,3.6,1,1,0,0.2603,69154,7.2302
2017,Nevada,West,3,3,2,1,66.7,0.4587,2983395,4.7,1,1,0,0.1006,140220,2.1395
2017,New Hampshire,Northeast,2,2,1,0.5,50,0.4373,1359211,4,1,1,0,0.1471,54368,3.6786
2017,New Jersey,Northeast,43,35,2,0.06976744186046517,4.7,0.4747,9139864,4.5,2,1,1,0.4705,411294,10.4548
2017,New Mexico,West,1,1,1,1,100,0.4767,2100019,4.8,2,1,1,0.0476,100801,0.9921
2017,New York,Northeast,80,71,72,1.2875,90,0.5004,19954305,4.9,2,1,1,0.4009,977761,8.182
2017,North Carolina,South,23,23,13,0.6086956521739131,56.5,0.4719,10168216,4,1,1,0,0.2262,406729,5.6549
2017,North Dakota,Midwest,2,2,2,1.5,100,0.4403,747143,2.9,0,0,0,0.2677,21667,9.2306
2017,Ohio,Midwest,56,56,19,0.4821428571428571,33.9,0.4646,11720565,3.9,0,0,0,0.4778,457102,12.2511
2017,Oklahoma,South,9,10,4,0.6666666666666667,44.4,0.473,3896952,3.6,0,0,0,0.2309,140290,6.4153
2017,Oregon,West,28,32,13,0.75,46.4,0.4636,4115401,4.9,1,1,0,0.6804,201655,13.8851
2017,Pennsylvania,Northeast,8,7,5,1,62.5,0.4696,12912604,4,1,1,0,0.062,516504,1.5489
2017,Rhode Island,Northeast,2,2,0,0,0,0.4621,1083935,4.7,1,1,0,0.1845,50945,3.9258
2017,South Carolina,South,10,11,5,0.7,50,0.474,4970507,3.8,0,0,0,0.2012,188879,5.2944
2017,South Dakota,Midwest,3,3,2,0.6666666666666666,66.7,0.4473,864921,3.1,0,0,0,0.3469,26813,11.1886
2017,Tennessee,South,20,20,10,0.7,50,0.4764,6741420,3.7,0,0,0,0.2967,249433,8.0182
2017,Texas,South,49,49,31,0.9795918367346937,63.3,0.4863,27945522,4.1,1,1,0,0.1753,1145766,4.2766
2017,Utah,West,15,16,9,0.7333333333333333,60,0.4254,3119297,3.6,0,0,0,0.4809,112295,13.3577
2017,Vermont,Northeast,6,6,1,0.33333333333333337,16.7,0.4411,637876,5.3,1,1,0,0.9406,33807,17.7478
2017,Virginia,South,32,34,13,0.5,40.6,0.4684,8442282,4.3,0,0,0,0.379,363018,8.815
2017,Washington,West,91,99,40,0.6263736263736266,44,0.4604,7411059,4.7,1,1,0,1.2279,348320,26.1254
2017,West Virginia,South,2,2,1,0.5,50,0.4631,1811499,3.3,0,0,0,0.1104,59779,3.3457
2017,Wisconsin,Midwest,14,14,4,0.5,28.6,0.4467,5831698,3.9,1,1,0,0.2401,227436,6.1556
2017,Wyoming,West,2,1,1,0.5,50,0.4427,572884,3.2,0,0,0,0.3491,18332,10.9099
2018,Arizona,West,42,45,23,0.6666666666666667,54.8,0.4712,6999605,4.55,1,1,0,0.6,318482,13.1876
2018,Arkansas,South,2,2,0,0,0,0.4773,2992403,3.78,0,0,0,0.0668,113113,1.7681
2018,California,West,259,249,153,0.888030888030888,59.1,0.4901,39081370,5.53,2,1,1,0.6627,2161200,11.9841
2018,Colorado,West,23,23,10,0.6521739130434783,43.5,0.4633,5624810,4.9,1,1,0,0.4089,275616,8.3449
2018,Connecticut,Northeast,14,13,3,0.21428571428571427,21.4,0.4991,3599575,4.47,1,1,0,0.3889,160901,8.701
2018,Delaware,South,4,4,0,0,0,0.4551,971545,4.35,1,1,0,0.4117,42262,9.4648
2018,District of Columbia,South,101,93,72,0.9306930693069307,71.3,0.5336,671981,9.28,2,1,1,15.0302,62360,161.9628
2018,Federal,Other,16,16,11,1.25,68.8,NA,NA,NA,NA,NA,NA,NA,NA,NA
2018,Florida,South,40,40,36,1.225,90,0.4826,20990812,4.58,1,1,0,0.1906,961379,4.1607
2018,Georgia,South,3,3,2,0.6666666666666666,66.7,0.4826,10507057,4.45,0,0,0,0.0286,467564,0.6416
2018,Hawaii,West,9,9,5,0.6666666666666666,55.6,0.4524,1436277,5.17,1,1,0,0.6266,74256,12.1202
2018,Idaho,West,1,1,1,1,100,0.443,1784801,3.73,0,0,0,0.056,66573,1.5021
2018,Illinois,Midwest,28,32,18,0.8571428571428571,64.3,0.4797,12816133,4.6,2,1,1,0.2185,589542,4.7494
2018,Indiana,Midwest,13,15,5,0.6153846153846154,38.5,0.4544,6725183,4.05,0,0,0,0.1933,272370,4.7729
2018,Iowa,Midwest,2,3,0,0,0,0.4471,3161566,3.85,1,1,0,0.0633,121720,1.6431
2018,Kansas,Midwest,8,8,5,0.625,62.5,0.4576,2920928,3.95,0,0,0,0.2739,115377,6.9338
2018,Kentucky,South,25,28,8,0.4000000000000001,32,0.4744,4472542,3.85,1,1,0,0.559,172193,14.5186
2018,Louisiana,South,6,6,2,0.5,33.3,0.4936,4632880,3.92,1,1,0,0.1295,181609,3.3038
2018,Maine,Northeast,7,7,2,0.42857142857142855,28.6,0.4549,1355559,4.42,1,1,0,0.5164,59916,11.683
2018,Maryland,South,14,14,8,0.7857142857142858,57.1,0.4616,6096490,4.9,2,1,1,0.2296,298728,4.6865
2018,Massachusetts,Northeast,76,78,31,0.6315789473684209,40.8,0.484,6933459,5.32,1,1,0,1.0961,368860,20.604
2018,Michigan,Midwest,67,71,35,0.7164179104477613,52.2,0.4618,10038593,4.38,0,0,0,0.6674,439690,15.238
2018,Minnesota,Midwest,26,26,14,0.6923076923076923,53.8,0.4541,5625980,4.38,2,1,1,0.4621,246418,10.5512
2018,Mississippi,South,3,3,3,1,100,0.4928,2962483,3.5,0,0,0,0.1013,103687,2.8933
2018,Missouri,Midwest,9,9,5,0.7777777777777778,55.6,0.4713,6121716,4.08,0,0,0,0.147,249766,3.6034
2018,Montana,West,7,7,2,0.2857142857142857,28.6,0.4522,1065263,3.97,0,0,0,0.6571,42291,16.552
2018,Nebraska,Midwest,6,5,1,0.16666666666666669,16.7,0.4514,1934471,3.75,1,1,0,0.3102,72543,8.271
2018,Nevada,West,8,8,5,1.125,62.5,0.4589,3023801,4.9,1,1,0,0.2646,148166,5.3993
2018,New Hampshire,Northeast,3,3,1,0.33333333333333337,33.3,0.4376,1365317,4.2,2,1,1,0.2197,57343,5.2317
2018,New Jersey,Northeast,55,54,9,0.18181818181818185,16.4,0.4744,9189574,4.7,2,1,1,0.5985,431910,12.7341
2018,New Mexico,West,4,5,4,1.25,100,0.4764,2105853,5,2,1,1,0.1899,105293,3.7989
2018,New York,Northeast,82,51,57,0.9146341463414634,69.5,0.4997,20036620,5.12,2,1,1,0.4093,1025875,7.9932
2018,North Carolina,South,28,30,11,0.5714285714285714,39.3,0.4719,10258607,4.17,1,1,0,0.2729,427784,6.5454
2018,North Dakota,Midwest,3,3,2,1,66.7,0.4406,757793,3.05,0,0,0,0.3959,23113,12.9797
2018,Ohio,Midwest,55,55,15,0.3272727272727273,27.3,0.4653,11746859,4.1,0,0,0,0.4682,481621,11.4198
2018,Oklahoma,South,5,5,2,0.8,40,0.4735,3917753,3.75,0,0,0,0.1276,146916,3.4033
2018,Oregon,West,37,41,22,0.7837837837837838,59.5,0.4638,4156020,5.15,1,1,0,0.8903,214035,17.2869
2018,Pennsylvania,Northeast,6,5,2,0.33333333333333337,33.3,0.4703,12942636,4.2,1,1,0,0.0464,543591,1.1038
2018,Rhode Island,Northeast,4,5,3,1.25,75,0.4621,1088417,4.95,1,1,0,0.3675,53877,7.4243
2018,South Carolina,South,8,8,4,0.75,50,0.474,5019813,3.92,0,0,0,0.1594,196777,4.0655
2018,South Dakota,Midwest,3,4,1,0.33333333333333337,33.3,0.4476,872170,3.25,0,0,0,0.344,28346,10.5835
2018,Tennessee,South,31,32,18,0.8709677419354838,58.1,0.4767,6797893,3.85,0,0,0,0.456,261719,11.8448
2018,Texas,South,67,69,37,0.7014925373134329,55.2,0.4866,28345516,4.3,1,1,0,0.2364,1218857,5.497
2018,Utah,West,12,12,6,0.5833333333333333,50,0.4257,3170070,3.77,0,0,0,0.3785,119512,10.0408
2018,Vermont,Northeast,2,2,1,0.5,50,0.4421,639610,5.58,1,1,0,0.3127,35690,5.6038
2018,Virginia,South,22,24,9,0.5,40.9,0.4687,8505319,4.5,0,0,0,0.2587,382739,5.748
2018,Washington,West,125,136,74,0.792,59.2,0.4607,7509133,4.95,1,1,0,1.6646,371702,33.6291
2018,West Virginia,South,3,3,2,0.6666666666666666,66.7,0.4636,1805572,3.42,0,0,0,0.1662,61751,4.8582
2018,Wisconsin,Midwest,16,19,5,0.5,31.2,0.4474,5852372,4.08,1,1,0,0.2734,238777,6.7008
2019,Alaska,West,4,4,2,1,50,0.421,731075,4.75,1,1,0,0.5471,34726,11.5187
2019,Arizona,West,33,31,14,0.5454545454545454,42.4,0.472,7075554,4.7,1,1,0,0.4664,332551,9.9233
2019,Arkansas,South,3,3,1,0.6666666666666667,33.3,0.478,3001963,3.85,0,0,0,0.0999,115576,2.5957
2019,California,West,266,262,176,1.0037593984962405,66.2,0.49,39309796,5.75,2,1,1,0.6767,2260313,11.7683
2019,Colorado,West,54,55,30,0.6851851851851852,55.6,0.463,5699262,5.1,1,1,0,0.9475,290662,18.5783
2019,Connecticut,Northeast,11,11,7,0.9090909090909091,63.6,0.499,3602759,4.65,1,1,0,0.3053,167528,6.5661
2019,Delaware,South,8,9,3,0.375,37.5,0.455,980747,4.5,1,1,0,0.8157,44134,18.1266
2019,District of Columbia,South,91,85,73,1.076923076923077,80.2,0.532,680763,9.95,2,1,1,13.3674,67736,134.3451
2019,Federal,Other,23,22,15,1.2608695652173914,65.2,NA,NA,NA,NA,NA,NA,NA,NA,NA
2019,Florida,South,27,27,23,1.1481481481481481,85.2,0.483,21264499,4.75,1,1,0,0.127,1010064,2.6731
2019,Georgia,South,14,15,6,0.5,42.9,0.483,10609482,4.6,0,0,0,0.132,488036,2.8686
2019,Hawaii,West,9,10,5,0.7777777777777778,55.6,0.453,1445774,5.35,1,1,0,0.6225,77349,11.6356
2019,Idaho,West,5,6,4,1,80,0.443,1811954,3.85,0,0,0,0.2759,69760,7.1674
2019,Illinois,Midwest,23,26,16,0.9565217391304348,69.6,0.48,12814320,4.8,2,1,1,0.1795,615087,3.7393
2019,Indiana,Midwest,16,18,5,0.25,31.2,0.455,6755355,4.2,0,0,0,0.2368,283725,5.6393
2019,Iowa,Midwest,3,4,1,0.6666666666666667,33.3,0.448,3175968,4,1,1,0,0.0945,127039,2.3615
2019,Kansas,Midwest,9,11,3,0.6666666666666667,33.3,0.458,2929404,4.1,0,0,0,0.3072,120106,7.4934
2019,Kentucky,South,22,23,11,0.5454545454545454,50,0.475,4489189,4,1,1,0,0.4901,179568,12.2516
2019,Louisiana,South,6,6,5,1,83.3,0.494,4645318,4.05,1,1,0,0.1292,188135,3.1892
2019,Maine,Northeast,7,7,1,0.14285714285714288,14.3,0.456,1358959,4.65,1,1,0,0.5151,63192,11.0774
2019,Maryland,South,7,7,3,0.7142857142857142,42.9,0.462,6136857,5.1,2,1,1,0.1141,312980,2.2366
2019,Massachusetts,Northeast,91,95,36,0.5604395604395606,39.6,0.484,6981688,5.55,1,1,0,1.3034,387484,23.4848
2019,Michigan,Midwest,44,44,28,0.9090909090909091,63.6,0.462,10057962,4.55,0,0,0,0.4375,457637,9.6146
2019,Minnesota,Midwest,27,29,14,0.8148148148148148,51.9,0.455,5666237,4.55,2,1,1,0.4765,257814,10.4727
2019,Mississippi,South,1,1,1,1,100,0.493,2961881,3.6,0,0,0,0.0338,106628,0.9378
2019,Missouri,Midwest,19,20,12,1,63.2,0.472,6138314,4.25,0,0,0,0.3095,260878,7.2831
2019,Montana,West,6,6,4,1,66.7,0.452,1074744,4.15,0,0,0,0.5583,44602,13.4523
2019,Nebraska,Midwest,4,3,2,0.5,50,0.452,1947988,3.9,1,1,0,0.2053,75972,5.2651
2019,Nevada,West,6,6,5,1.1666666666666667,83.3,0.459,3064208,5.1,1,1,0,0.1958,156275,3.8394
2019,New Hampshire,Northeast,4,4,2,0.5,50,0.438,1371423,4.4,2,1,1,0.2917,60343,6.6288
2019,New Jersey,Northeast,130,104,18,0.1692307692307692,13.8,0.474,9239284,4.9,2,1,1,1.407,452725,28.715
2019,New Mexico,West,12,13,5,0.6666666666666667,41.7,0.476,2111688,5.2,2,1,1,0.5683,109808,10.9282
2019,New York,Northeast,89,54,57,0.8426966292134831,64,0.499,20118934,5.35,2,1,1,0.4424,1076363,8.2686
2019,North Carolina,South,30,30,10,0.4333333333333333,33.3,0.472,10348998,4.35,1,1,0,0.2899,450181,6.664
2019,North Dakota,Midwest,3,3,1,0.33333333333333337,33.3,0.441,768444,3.2,0,0,0,0.3904,24590,12.2001
2019,Ohio,Midwest,73,75,16,0.2876712328767123,21.9,0.466,11773154,4.3,0,0,0,0.6201,506246,14.4199
2019,Oklahoma,South,8,7,4,0.75,50,0.474,3938553,3.9,0,0,0,0.2031,153604,5.2082
2019,Oregon,West,35,36,17,0.5428571428571429,48.6,0.464,4196638,5.4,1,1,0,0.834,226618,15.4445
2019,Pennsylvania,Northeast,5,5,3,0.8,60,0.471,12972668,4.4,1,1,0,0.0385,570797,0.876
2019,Rhode Island,Northeast,8,9,5,0.625,62.5,0.462,1092898,5.2,1,1,0,0.732,56831,14.0768
2019,South Carolina,South,9,10,2,0.3333333333333333,22.2,0.474,5069119,4.05,0,0,0,0.1775,205299,4.3838
2019,South Dakota,Midwest,3,3,2,0.6666666666666666,66.7,0.448,879418,3.4,0,0,0,0.3411,29900,10.0334
2019,Tennessee,South,9,9,4,0.6666666666666667,44.4,0.477,6854366,4,0,0,0,0.1313,274175,3.2826
2019,Texas,South,82,82,47,0.853658536585366,57.3,0.487,28745511,4.5,1,1,0,0.2853,1293548,6.3392
2019,Utah,West,10,11,2,0.2,20,0.426,3220843,3.95,0,0,0,0.3105,127223,7.8602
2019,Vermont,Northeast,9,10,3,0.4444444444444444,33.3,0.443,641343,5.85,1,1,0,1.4033,37519,23.9878
2019,Virginia,South,31,31,11,0.45161290322580644,35.5,0.469,8568356,4.7,0,0,0,0.3618,402713,7.6978
2019,Washington,West,110,116,49,0.6,44.5,0.461,7607207,5.2,1,1,0,1.446,395575,27.8076
2019,West Virginia,South,7,7,2,0.2857142857142857,28.6,0.464,1799644,3.55,0,0,0,0.389,63887,10.9568
2019,Wisconsin,Midwest,6,6,2,0.33333333333333337,33.3,0.448,5873045,4.25,1,1,0,0.1022,249604,2.4038
2019,Wyoming,West,1,1,0,0,0,0.443,575528,3.5,0,0,0,0.1738,20143,4.9645
2020,Alabama,South,2,2,2,2,100,0.4884,5024279,3.75,0,0,0,0.0398,188410,1.0615
2020,Alaska,West,2,2,2,2,100,0.4206,733391,4.88,1,1,0,0.2727,35789,5.5883
2020,Arizona,West,41,42,26,0.8048780487804879,63.4,0.4724,7151502,4.85,1,1,0,0.5733,346848,11.8207
2020,Arkansas,South,4,4,3,1.5,75,0.4784,3011524,3.92,0,0,0,0.1328,118052,3.3883
2020,California,West,269,272,171,0.9739776951672864,63.6,0.4902,39538223,5.97,2,1,1,0.6804,2360432,11.3962
2020,Colorado,West,56,62,25,0.6964285714285715,44.6,0.4628,5773714,5.3,1,1,0,0.9699,306007,18.3002
2020,Connecticut,Northeast,14,14,4,0.2857142857142857,28.6,0.4988,3605944,4.83,1,1,0,0.3882,174167,8.0383
2020,Delaware,South,4,4,2,0.75,50,0.4552,989948,4.65,1,1,0,0.4041,46033,8.6894
2020,District of Columbia,South,69,66,55,1.1159420289855073,79.7,0.5316,689545,10.62,2,1,1,10.0066,73230,94.2237
2020,Federal,Other,36,36,27,1.4444444444444444,75,NA,NA,NA,NA,NA,NA,NA,NA,NA
2020,Florida,South,24,24,20,1.2083333333333335,83.3,0.4834,21538187,4.92,1,1,0,0.1114,1059679,2.2648
2020,Georgia,South,28,28,10,0.4642857142857142,35.7,0.4832,10711908,4.75,2,1,1,0.2614,508816,5.503
2020,Hawaii,West,5,5,4,1,80,0.4528,1455271,5.53,1,1,0,0.3436,80476,6.213
2020,Idaho,West,14,14,4,0.42857142857142855,28.6,0.4434,1839106,3.97,0,0,0,0.7612,73013,19.1747
2020,Illinois,Midwest,14,14,13,1.4285714285714286,92.9,0.4798,12812508,5,2,1,1,0.1093,640625,2.1854
2020,Indiana,Midwest,26,27,13,0.6538461538461539,50,0.4552,6785528,4.35,0,0,0,0.3832,295170,8.8085
2020,Iowa,Midwest,4,4,2,0.5,50,0.4478,3190369,4.15,1,1,0,0.1254,132400,3.0211
2020,Kansas,Midwest,8,8,2,0.5,25,0.4582,2937880,4.25,0,0,0,0.2723,124860,6.4072
2020,Kentucky,South,22,25,9,0.5454545454545454,40.9,0.4752,4505836,4.15,1,1,0,0.4883,186992,11.7652
2020,Louisiana,South,6,7,6,1.5,100,0.4942,4657757,4.17,1,1,0,0.1288,194228,3.0892
2020,Maine,Northeast,36,38,5,0.22222222222222213,13.9,0.4562,1362359,4.88,1,1,0,2.6425,66483,54.1492
2020,Maryland,South,11,12,7,1.0909090909090908,63.6,0.4618,6177224,5.3,2,1,1,0.1781,327393,3.3599
2020,Massachusetts,Northeast,66,67,20,0.40909090909090906,30.3,0.4838,7029917,5.78,1,1,0,0.9388,406329,16.243
2020,Michigan,Midwest,59,59,26,0.6101694915254237,44.1,0.4618,10077331,4.73,0,0,0,0.5855,476658,12.3778
2020,Minnesota,Midwest,30,31,8,0.3666666666666667,26.7,0.4546,5706494,4.73,2,1,1,0.5257,269917,11.1145
2020,Mississippi,South,4,4,1,0.25,25,0.4932,2961279,3.7,0,0,0,0.1351,109567,3.6507
2020,Missouri,Midwest,22,23,15,0.9090909090909091,68.2,0.4722,6154913,4.42,0,0,0,0.3574,272047,8.0868
2020,Montana,West,3,4,2,1,66.7,0.4522,1084225,4.33,0,0,0,0.2767,46947,6.3902
2020,Nebraska,Midwest,13,14,4,0.4615384615384615,30.8,0.452,1961504,4.05,1,1,0,0.6628,79441,16.3643
2020,Nevada,West,21,21,13,0.7142857142857142,61.9,0.4592,3104614,5.3,1,1,0,0.6764,164545,12.7625
2020,New Hampshire,Northeast,4,5,2,0.5,50,0.4378,1377529,4.6,2,1,1,0.2904,63366,6.3125
2020,New Jersey,Northeast,201,175,13,0.08457711442786066,6.5,0.4738,9288994,5.1,2,1,1,2.1639,473739,42.4284
2020,New Mexico,West,7,8,4,0.7142857142857143,57.1,0.4762,2117522,5.4,2,1,1,0.3306,114346,6.1218
2020,New York,Northeast,56,42,39,0.8928571428571429,69.6,0.4988,20201249,5.58,2,1,1,0.2772,1127230,4.9679
2020,North Carolina,South,31,33,10,0.4193548387096774,32.3,0.4722,10439388,4.53,1,1,0,0.297,472904,6.5552
2020,North Dakota,Midwest,4,6,3,1,75,0.4408,779094,3.35,0,0,0,0.5134,26100,15.3257
2020,Ohio,Midwest,91,96,24,0.3406593406593406,26.4,0.4662,11799448,4.5,0,0,0,0.7712,530975,17.1383
2020,Oklahoma,South,7,9,4,0.7142857142857143,57.1,0.4742,3959353,4.05,0,0,0,0.1768,160354,4.3653
2020,Oregon,West,49,51,23,0.5510204081632653,46.9,0.464,4237256,5.65,1,1,0,1.1564,239405,20.4674
2020,Pennsylvania,Northeast,10,10,5,0.8,50,0.4712,13002700,4.6,1,1,0,0.0769,598124,1.6719
2020,Rhode Island,Northeast,6,6,2,0.5,33.3,0.4618,1097379,5.45,1,1,0,0.5468,59807,10.0323
2020,South Carolina,South,16,16,8,0.8125,50,0.4742,5118425,4.17,0,0,0,0.3126,213438,7.4963
2020,South Dakota,Midwest,2,2,1,0.5,50,0.4478,886667,3.55,0,0,0,0.2256,31477,6.3538
2020,Tennessee,South,21,23,13,0.8571428571428571,61.9,0.4772,6910840,4.15,0,0,0,0.3039,286800,7.3222
2020,Texas,South,91,92,54,0.9010989010989011,59.3,0.4872,29145505,4.7,1,1,0,0.3122,1369839,6.6431
2020,Utah,West,20,21,8,0.45,40,0.4258,3271616,4.12,0,0,0,0.6113,134791,14.8378
2020,Vermont,Northeast,7,8,5,0.7142857142857143,71.4,0.4428,643077,6.12,1,1,0,1.0885,39356,17.7864
2020,Virginia,South,24,25,12,0.625,50,0.469,8631393,4.9,2,1,1,0.2781,422938,5.6746
2020,Washington,West,88,91,36,0.5454545454545455,40.9,0.461,7705281,5.45,1,1,0,1.1421,419938,20.9555
2020,West Virginia,South,3,3,2,0.6666666666666666,66.7,0.4642,1793716,3.67,0,0,0,0.1673,65829,4.5573
2020,Wisconsin,Midwest,14,14,6,0.5714285714285714,42.9,0.4478,5893718,4.42,1,1,0,0.2375,260502,5.3742
2020,Wyoming,West,2,2,0,0,0,0.443,576851,3.65,0,0,0,0.3467,21055,9.4989
2021,Alabama,South,34,35,20,0.7352941176470589,58.8,0.4888,5048733,3.8,0,0,0,0.6734,191852,17.722
2021,Alaska,West,8,8,5,1.125,62.5,0.4202,735707,5,1,1,0,1.0874,36785,21.748
2021,Arizona,West,47,49,25,0.7446808510638296,53.2,0.4728,7227450,5,1,1,0,0.6503,361372,13.006
2021,Arkansas,South,6,6,1,0.33333333333333337,16.7,0.4788,3021085,4,0,0,0,0.1986,120843,4.9651
2021,California,West,357,356,229,0.9719887955182072,64.1,0.4904,39766650,6.2,2,1,1,0.8977,2465532,14.4796
2021,Colorado,West,74,80,35,0.5945945945945945,47.3,0.4626,5848166,5.5,1,1,0,1.2654,321649,23.0064
2021,Connecticut,Northeast,15,15,3,0.20000000000000004,20,0.4986,3609129,5,1,1,0,0.4156,180456,8.3123
2021,Delaware,South,2,2,2,2,100,0.4554,999149,4.8,1,1,0,0.2002,47959,4.1702
2021,District of Columbia,South,28,28,19,0.9642857142857142,67.9,0.5312,698327,11.3,2,1,1,4.0096,78911,35.483
2021,Federal,Other,34,36,25,1.3529411764705883,73.5,NA,NA,NA,NA,NA,NA,NA,NA,NA
2021,Florida,South,47,48,35,1.148936170212766,74.5,0.4838,21811875,5.1,1,1,0,0.2155,1112406,4.2251
2021,Georgia,South,47,50,23,0.5957446808510638,48.9,0.4834,10814334,4.9,2,1,1,0.4346,529902,8.8696
2021,Guam,U.S. Territories,4,5,2,1,50,NA,NA,NA,NA,NA,NA,NA,NA,NA
2021,Hawaii,West,13,13,5,0.4615384615384615,38.5,0.4526,1464768,5.7,1,1,0,0.8875,83492,15.5704
2021,Idaho,West,10,11,4,0.6,40,0.4438,1866258,4.1,0,0,0,0.5358,76517,13.069
2021,Illinois,Midwest,31,32,24,0.967741935483871,77.4,0.4796,12810696,5.2,2,1,1,0.242,666156,4.6536
2021,Indiana,Midwest,27,28,6,0.2962962962962963,22.2,0.4554,6815701,4.5,0,0,0,0.3961,306707,8.8032
2021,Iowa,Midwest,13,13,3,0.3076923076923077,23.1,0.4476,3204770,4.3,1,1,0,0.4056,137805,9.4336
2021,Kansas,Midwest,19,20,5,0.3684210526315789,26.3,0.4584,2946356,4.4,0,0,0,0.6449,129640,14.656
2021,Kentucky,South,41,42,10,0.2926829268292683,24.4,0.4754,4522483,4.3,1,1,0,0.9066,194467,21.0833
2021,Louisiana,South,7,7,3,0.7142857142857142,42.9,0.4944,4670196,4.3,1,1,0,0.1499,200818,3.4857
2021,Maine,Northeast,28,28,5,0.2142857142857143,17.9,0.4564,1365759,5.1,1,1,0,2.0501,69654,40.1987
2021,Maryland,South,25,26,17,0.92,68,0.4616,6217591,5.5,2,1,1,0.4021,341968,7.3106
2021,Massachusetts,Northeast,89,91,19,0.31460674157303375,21.3,0.4836,7078146,6,1,1,0,1.2574,424689,20.9565
2021,Michigan,Midwest,69,71,35,0.7246376811594203,50.7,0.4616,10096700,4.9,0,0,0,0.6834,494738,13.9468
2021,Minnesota,Midwest,48,50,30,0.875,62.5,0.4542,5746751,4.9,2,1,1,0.8353,281591,17.046
2021,Mississippi,South,1,1,0,0,0,0.4934,2960677,3.8,0,0,0,0.0338,112506,0.8888
2021,Missouri,Midwest,46,47,27,0.6956521739130435,58.7,0.4724,6171512,4.6,0,0,0,0.7454,283890,16.2035
2021,Montana,West,7,7,4,0.8571428571428571,57.1,0.4524,1093706,4.5,0,0,0,0.64,49217,14.2227
2021,Nebraska,Midwest,12,14,3,0.33333333333333337,25,0.452,1975020,4.2,1,1,0,0.6076,82951,14.4664
2021,Nevada,West,20,20,13,0.8,65,0.4594,3145020,5.5,1,1,0,0.6359,172976,11.5623
2021,New Hampshire,Northeast,8,8,4,0.5,50,0.4376,1383635,4.8,2,1,1,0.5782,66414,12.0457
2021,New Jersey,Northeast,153,145,22,0.18954248366013068,14.4,0.4736,9338704,5.3,2,1,1,1.6383,494951,30.9122
2021,New Mexico,West,12,12,10,1.25,83.3,0.4764,2123356,5.6,2,1,1,0.5651,118908,10.0918
2021,New York,Northeast,146,123,97,0.897260273972603,66.4,0.4986,20283564,5.8,2,1,1,0.7198,1176447,12.4102
2021,North Carolina,South,45,46,21,0.6444444444444445,46.7,0.4724,10529778,4.7,1,1,0,0.4274,494900,9.0927
2021,North Dakota,Midwest,8,8,2,0.25,25,0.4406,789744,3.5,0,0,0,1.013,27641,28.9425
2021,Ohio,Midwest,97,103,31,0.38144329896907214,32,0.4664,11825742,4.7,0,0,0,0.8202,555810,17.452
2021,Oklahoma,South,16,16,7,0.4375,43.8,0.4744,3980153,4.2,0,0,0,0.402,167166,9.5713
2021,Oregon,West,68,72,37,0.7794117647058825,54.4,0.464,4277874,5.9,1,1,0,1.5896,252395,26.9419
2021,Pennsylvania,Northeast,48,47,17,0.5,35.4,0.4714,13032732,4.8,1,1,0,0.3683,625571,7.673
2021,Rhode Island,Northeast,3,3,1,0.33333333333333337,33.3,0.4616,1101860,5.7,1,1,0,0.2723,62806,4.7766
2021,South Carolina,South,20,20,12,0.9000000000000001,60,0.4744,5167731,4.3,0,0,0,0.387,222212,9.0004
2021,South Dakota,Midwest,9,9,5,0.5555555555555556,55.6,0.4476,893916,3.7,0,0,0,1.0068,33075,27.2109
2021,Tennessee,South,18,18,6,0.5,33.3,0.4774,6967314,4.3,0,0,0,0.2583,299595,6.0081
2021,Texas,South,128,134,84,0.859375,65.6,0.4874,29545499,4.9,1,1,0,0.4332,1447729,8.8414
2021,Utah,West,35,36,10,0.4,28.6,0.4256,3322389,4.3,0,0,0,1.0535,142863,24.499
2021,Vermont,Northeast,7,7,1,0.14285714285714288,14.3,0.4426,644811,6.4,1,1,0,1.0856,41268,16.9623
2021,Virginia,South,26,27,8,0.46153846153846145,30.8,0.469,8694430,5.1,2,1,1,0.299,443416,5.8636
2021,Washington,West,118,128,51,0.6271186440677966,43.2,0.461,7803355,5.7,1,1,0,1.5122,444791,26.5293
2021,West Virginia,South,7,7,2,0.5714285714285714,28.6,0.4644,1787788,3.8,0,0,0,0.3915,67936,10.3038
2021,Wisconsin,Midwest,30,30,7,0.30000000000000004,23.3,0.4476,5914391,4.6,1,1,0,0.5072,272062,11.0269
2021,Wyoming,West,4,4,1,0.25,25,0.443,578174,3.8,0,0,0,0.6918,21971,18.2058
2022,Alabama,South,27,29,13,0.6296296296296297,48.1,0.4892,5073188,3.93,0,0,0,0.5322,199376,13.5423
2022,Alaska,West,2,2,0,0,0,0.4198,738023,5.17,1,1,0,0.271,38156,5.2416
2022,Arizona,West,50,53,37,1,74,0.4732,7303399,5.27,1,1,0,0.6846,384889,12.9908
2022,Arkansas,South,5,5,1,0.2,20,0.4792,3030645,4.17,0,0,0,0.165,126378,3.9564
2022,California,West,476,478,276,0.869747899159664,58,0.4906,39995076,6.5,2,1,1,1.1901,2599680,18.3099
2022,Colorado,West,89,89,44,0.6741573033707866,49.4,0.4624,5922618,5.73,1,1,0,1.5027,339366,26.2254
2022,Connecticut,Northeast,17,17,4,0.3529411764705882,23.5,0.4984,3612313,5.23,1,1,0,0.4706,188924,8.9983
2022,Delaware,South,2,2,1,0.5,50,0.4556,1008351,5,1,1,0,0.1983,50418,3.9668
2022,District of Columbia,South,75,75,41,0.6933333333333334,54.7,0.5308,707109,11.57,2,1,1,10.6066,81813,91.6725
2022,Federal,Other,28,29,13,0.8214285714285714,46.4,NA,NA,NA,NA,NA,NA,NA,NA,NA
2022,Florida,South,72,71,42,0.7083333333333331,58.3,0.4842,22085562,5.37,1,1,0,0.326,1185995,6.0709
2022,Georgia,South,36,37,21,0.7222222222222222,58.3,0.4836,10916759,5.1,2,1,1,0.3298,556755,6.466
2022,Guam,U.S. Territories,1,1,0,0,0,NA,NA,NA,NA,NA,NA,NA,NA,NA
2022,Hawaii,West,18,19,3,0.22222222222222218,16.7,0.4524,1474265,5.9,1,1,0,1.2209,86982,20.6939
2022,Idaho,West,7,9,4,1,57.1,0.4442,1893411,4.3,0,0,0,0.3697,81417,8.5977
2022,Illinois,Midwest,74,84,32,0.5135135135135135,43.2,0.4794,12808883,5.43,2,1,1,0.5777,695522,10.6395
2022,Indiana,Midwest,40,40,20,0.65,50,0.4556,6845873,4.7,0,0,0,0.5843,321756,12.4318
2022,Iowa,Midwest,22,24,6,0.40909090909090906,27.3,0.4474,3219172,4.5,1,1,0,0.6834,144863,15.1868
2022,Kansas,Midwest,15,17,3,0.2,20,0.4586,2954832,4.6,0,0,0,0.5076,135922,11.0357
2022,Kentucky,South,31,33,9,0.3225806451612903,29,0.4756,4539130,4.5,1,1,0,0.683,204261,15.1767
2022,Louisiana,South,11,11,8,0.7272727272727273,72.7,0.4946,4682634,4.47,1,1,0,0.2349,209314,5.2553
2022,Maine,Northeast,30,30,6,0.20000000000000004,20,0.4566,1369159,5.33,1,1,0,2.1911,72976,41.1094
2022,Maryland,South,43,44,27,0.9069767441860466,62.8,0.4614,6257958,5.73,2,1,1,0.6871,358581,11.9917
2022,Massachusetts,Northeast,114,117,43,0.5175438596491228,37.7,0.4834,7126375,6.27,1,1,0,1.5997,446824,25.5134
2022,Michigan,Midwest,81,84,32,0.4691358024691358,39.5,0.4614,10116069,5.13,0,0,0,0.8007,518954,15.6083
2022,Minnesota,Midwest,41,41,25,0.7317073170731707,61,0.4538,5787008,5.17,2,1,1,0.7085,299188,13.7038
2022,Mississippi,South,6,6,2,0.5,33.3,0.4936,2960075,3.97,0,0,0,0.2027,117515,5.1057
2022,Missouri,Midwest,39,43,14,0.4615384615384615,35.9,0.4726,6188110,4.8,0,0,0,0.6302,297029,13.13
2022,Montana,West,2,2,1,1,50,0.4526,1103187,4.7,0,0,0,0.1813,51850,3.8573
2022,Nebraska,Midwest,14,14,5,0.5,35.7,0.452,1988537,4.4,1,1,0,0.704,87496,16.0007
2022,Nevada,West,21,22,8,0.5714285714285715,38.1,0.4596,3185427,5.73,1,1,0,0.6593,182525,11.5053
2022,New Hampshire,Northeast,10,10,0,0,0,0.4374,1389741,5.03,2,1,1,0.7196,69904,14.3053
2022,New Jersey,Northeast,212,204,22,0.13207547169811323,10.4,0.4734,9388414,5.53,2,1,1,2.2581,519179,40.8337
2022,New Mexico,West,9,9,2,0.3333333333333333,22.2,0.4766,2129191,5.83,2,1,1,0.4227,124132,7.2503
2022,New York,Northeast,145,117,92,0.8413793103448275,63.4,0.4984,20365878,6.07,2,1,1,0.712,1236209,11.7294
2022,North Carolina,South,52,55,20,0.4615384615384615,38.5,0.4726,10620169,4.93,1,1,0,0.4896,523574,9.9317
2022,North Dakota,Midwest,1,1,1,1,100,0.4404,800395,3.67,0,0,0,0.1249,29374,3.4044
2022,Ohio,Midwest,107,115,38,0.4392523364485982,35.5,0.4666,11852037,4.9,0,0,0,0.9028,580750,18.4245
2022,Oklahoma,South,14,14,4,0.3571428571428571,28.6,0.4746,4000953,4.4,0,0,0,0.3499,176042,7.9526
2022,Oregon,West,76,81,36,0.6052631578947368,47.4,0.464,4318492,6.17,1,1,0,1.7599,266451,28.5231
2022,Pennsylvania,Northeast,53,51,24,0.6037735849056605,45.3,0.4716,13062764,5.03,1,1,0,0.4057,657057,8.0663
2022,Rhode Island,Northeast,2,2,1,0.5,50,0.4614,1106341,5.97,1,1,0,0.1808,66049,3.0281
2022,South Carolina,South,10,10,4,0.5,40,0.4746,5217037,4.5,0,0,0,0.1917,234767,4.2595
2022,South Dakota,Midwest,5,6,3,0.6,60,0.4474,901164,3.9,0,0,0,0.5548,35145,14.2268
2022,Tennessee,South,6,6,5,1.1666666666666667,83.3,0.4776,7023787,4.5,0,0,0,0.0854,316070,1.8983
2022,Texas,South,151,154,68,0.5894039735099337,45,0.4876,29945494,5.13,1,1,0,0.5042,1536204,9.8294
2022,Utah,West,45,49,9,0.24444444444444444,20,0.4254,3373162,4.53,0,0,0,1.3341,152804,29.4495
2022,Vermont,Northeast,12,13,3,0.41666666666666663,25,0.4424,646544,6.67,1,1,0,1.856,43124,27.8267
2022,Virginia,South,49,51,20,0.48979591836734687,40.8,0.469,8757467,5.37,2,1,1,0.5595,470276,10.4194
2022,Washington,West,128,137,47,0.484375,36.7,0.461,7901429,5.97,1,1,0,1.62,471715,27.135
2022,West Virginia,South,9,10,3,0.4444444444444444,33.3,0.4646,1781860,3.97,0,0,0,0.5051,70740,12.7226
2022,Wisconsin,Midwest,37,38,11,0.45945945945945943,29.7,0.4474,5935064,4.83,1,1,0,0.6234,286664,12.9071
2022,Wyoming,West,8,8,1,0.125,12.5,0.443,579496,4,0,0,0,1.3805,23180,34.5125
2023,Alabama,South,52,52,26,0.596153846153846,50,0.4896,5097642,4.07,0,0,0,1.0201,207474,25.0634
2023,Alaska,West,9,9,4,0.7777777777777778,44.4,0.4194,740339,5.33,1,1,0,1.2157,39460,22.8079
2023,Arizona,West,44,44,20,0.6363636363636365,45.5,0.4736,7379348,5.53,1,1,0,0.5963,408078,10.7823
2023,Arkansas,South,5,6,2,0.8,40,0.4796,3040206,4.33,0,0,0,0.1645,131641,3.7982
2023,California,West,512,535,286,0.833984375,55.9,0.4908,40223503,6.8,2,1,1,1.2729,2735198,18.7189
2023,Colorado,West,90,94,46,0.7777777777777778,51.1,0.4622,5997069,5.97,1,1,0,1.5007,358025,25.1379
2023,Connecticut,Northeast,22,22,8,0.45454545454545453,36.4,0.4982,3615498,5.47,1,1,0,0.6085,197768,11.1241
2023,District of Columbia,South,67,68,41,0.8059701492537312,61.2,0.5304,715892,11.83,2,1,1,9.359,84690,79.1121
2023,Federal,Other,24,24,7,0.45833333333333337,29.2,NA,NA,NA,NA,NA,NA,NA,NA,NA
2023,Florida,South,47,49,25,0.7659574468085107,53.2,0.4846,22359250,5.63,1,1,0,0.2102,1258826,3.7336
2023,Georgia,South,31,32,22,0.9032258064516129,71,0.4838,11019184,5.3,2,1,1,0.2813,584017,5.3081
2023,Hawaii,West,4,4,1,0.25,25,0.4522,1483762,6.1,1,1,0,0.2696,90509,4.4194
2023,Idaho,West,9,9,1,0.22222222222222218,11.1,0.4446,1920563,4.5,0,0,0,0.4686,86425,10.4137
2023,Illinois,Midwest,73,79,24,0.41095890410958913,32.9,0.4792,12807071,5.67,2,1,1,0.57,726161,10.0529
2023,Indiana,Midwest,51,52,19,0.45098039215686275,37.3,0.4558,6876046,4.9,0,0,0,0.7417,336926,15.1369
2023,Iowa,Midwest,14,15,5,0.3571428571428571,35.7,0.4472,3233573,4.7,1,1,0,0.433,151978,9.2119
2023,Kansas,Midwest,18,21,5,0.44444444444444436,27.8,0.4588,2963309,4.8,0,0,0,0.6074,142239,12.6548
2023,Kentucky,South,40,45,10,0.32500000000000007,25,0.4758,4555777,4.7,1,1,0,0.878,214122,18.6809
2023,Louisiana,South,3,3,1,0.6666666666666667,33.3,0.4948,4695072,4.63,1,1,0,0.0639,217382,1.3801
2023,Maine,Northeast,24,24,1,0.04166666666666668,4.2,0.4568,1372558,5.57,1,1,0,1.7486,76451,31.3927
2023,Maryland,South,52,52,20,0.5,38.5,0.4612,6298326,5.97,2,1,1,0.8256,376010,13.8294
2023,Massachusetts,Northeast,140,145,54,0.5785714285714286,38.6,0.4832,7174603,6.53,1,1,0,1.9513,468502,29.8825
2023,Michigan,Midwest,69,72,28,0.6231884057971013,40.6,0.4612,10135438,5.37,0,0,0,0.6808,544273,12.6775
2023,Minnesota,Midwest,52,54,14,0.28846153846153855,26.9,0.4534,5827265,5.43,2,1,1,0.8924,316420,16.4339
2023,Mississippi,South,5,5,4,1,80,0.4938,2959474,4.13,0,0,0,0.1689,122226,4.0908
2023,Missouri,Midwest,44,45,21,0.5681818181818181,47.7,0.4728,6204709,5,0,0,0,0.7091,310235,14.1828
2023,Montana,West,4,4,1,0.5,25,0.4528,1112668,4.9,0,0,0,0.3595,54521,7.3366
2023,Nebraska,Midwest,21,27,11,0.7619047619047619,52.4,0.452,2002053,4.6,1,1,0,1.0489,92094,22.8028
2023,Nevada,West,13,14,7,0.5384615384615384,53.8,0.4598,3225833,5.97,1,1,0,0.403,192582,6.7504
2023,New Hampshire,Northeast,7,7,2,0.2857142857142857,28.6,0.4372,1395847,5.27,2,1,1,0.5015,73561,9.5159
2023,New Jersey,Northeast,212,203,29,0.18396226415094344,13.7,0.4732,9438124,5.77,2,1,1,2.2462,544580,38.9291
2023,New Mexico,West,11,12,5,0.8181818181818181,45.5,0.4768,2135025,6.07,2,1,1,0.5152,129596,8.4879
2023,New York,Northeast,164,170,82,0.6890243902439023,50,0.4982,20448193,6.33,2,1,1,0.802,1294371,12.6702
2023,North Carolina,South,50,57,27,0.7399999999999999,54,0.4728,10710560,5.17,1,1,0,0.4668,553736,9.0296
2023,North Dakota,Midwest,5,5,2,0.6,40,0.4402,811045,3.83,0,0,0,0.6165,31063,16.0963
2023,Ohio,Midwest,100,106,30,0.4000000000000001,30,0.4668,11878331,5.1,0,0,0,0.8419,605795,16.5072
2023,Oklahoma,South,11,12,4,0.36363636363636365,36.4,0.4748,4021754,4.6,0,0,0,0.2735,185001,5.9459
2023,Oregon,West,80,84,32,0.5625,40,0.464,4359111,6.43,1,1,0,1.8352,280291,28.5418
2023,Pennsylvania,Northeast,54,56,21,0.5555555555555556,38.9,0.4718,13092796,5.27,1,1,0,0.4124,689990,7.8262
2023,Rhode Island,Northeast,3,3,2,0.6666666666666666,66.7,0.4612,1110823,6.23,1,1,0,0.2701,69204,4.335
2023,South Carolina,South,11,11,5,0.5454545454545454,45.5,0.4748,5266343,4.7,0,0,0,0.2089,247518,4.4441
2023,South Dakota,Midwest,3,3,3,1,100,0.4472,908413,4.1,0,0,0,0.3302,37245,8.0548
2023,Tennessee,South,27,28,7,0.33333333333333337,25.9,0.4778,7080260,4.7,0,0,0,0.3813,332772,8.1137
2023,Texas,South,126,133,55,0.5873015873015874,43.7,0.4878,30345488,5.37,1,1,0,0.4152,1629553,7.7322
2023,Utah,West,81,85,16,0.30864197530864196,19.8,0.4252,3423935,4.77,0,0,0,2.3657,163322,49.5953
2023,Vermont,Northeast,11,12,5,0.5454545454545454,45.5,0.4422,648278,6.93,1,1,0,1.6968,44926,24.4847
2023,Virginia,South,47,49,20,0.574468085106383,42.6,0.469,8820504,5.63,2,1,1,0.5328,496594,9.4645
2023,Washington,West,189,211,50,0.3492063492063492,26.5,0.461,7999503,6.23,1,1,0,2.3626,498369,37.9237
2023,West Virginia,South,8,8,5,0.75,62.5,0.4648,1775933,4.13,0,0,0,0.4505,73346,10.9072
2023,Wisconsin,Midwest,36,38,9,0.2777777777777778,25,0.4472,5955738,5.07,1,1,0,0.6045,301956,11.9223
2023,Wyoming,West,4,4,2,0.5,50,0.443,580818,4.2,0,0,0,0.6887,24394,16.3975
2024,Alabama,South,26,28,8,0.3461538461538461,30.8,0.49,5122096,4.2,0,0,0,0.5076,215128,12.0858
2024,Alaska,West,17,17,1,0.0588235294117647,5.9,0.419,742655,5.5,1,1,0,2.2891,40846,41.6197
2024,Arizona,West,48,50,24,0.7083333333333333,50,0.474,7455296,5.8,1,1,0,0.6438,432407,11.1007
2024,Arkansas,South,3,4,0,0,0,0.48,3049766,4.5,0,0,0,0.0984,137239,2.186
2024,California,West,560,578,314,0.8553571428571429,56.1,0.491,40451930,7.1,2,1,1,1.3844,2872087,19.498
2024,Colorado,West,73,83,37,0.6986301369863013,50.7,0.462,6071521,6.2,1,1,0,1.2023,376434,19.3925
2024,Connecticut,Northeast,15,17,3,0.2,20,0.498,3618683,5.7,1,1,0,0.4145,206265,7.2722
2024,Delaware,South,1,1,0,0,0,0.456,1026754,5.4,1,1,0,0.0974,55445,1.8036
2024,District of Columbia,South,53,53,41,1.0943396226415094,77.4,0.53,724674,12.1,2,1,1,7.3136,87686,60.4429
2024,Federal,Other,17,17,4,0.4705882352941176,23.5,NA,NA,NA,NA,NA,NA,NA,NA,NA
2024,Florida,South,35,35,16,0.5714285714285715,45.7,0.485,22632938,5.9,1,1,0,0.1546,1335343,2.621
2024,Georgia,South,25,27,15,0.8,60,0.484,11121610,5.5,2,1,1,0.2248,611689,4.087
2024,Guam,U.S. Territories,2,3,0,0,0,NA,NA,NA,NA,NA,NA,NA,NA,NA
2024,Hawaii,West,7,7,1,0.28571428571428575,14.3,0.452,1493259,6.3,1,1,0,0.4688,94075,7.4409
2024,Idaho,West,17,17,5,0.41176470588235303,29.4,0.445,1947716,4.7,0,0,0,0.8728,91543,18.5705
2024,Illinois,Midwest,93,105,36,0.4731182795698925,38.7,0.479,12805258,5.9,2,1,1,0.7263,755510,12.3096
2024,Indiana,Midwest,31,32,11,0.45161290322580644,35.5,0.456,6906218,5.1,0,0,0,0.4489,352217,8.8014
2024,Iowa,Midwest,19,19,5,0.42105263157894735,26.3,0.447,3247975,4.9,1,1,0,0.585,159151,11.9383
2024,Kansas,Midwest,25,30,8,0.48,32,0.459,2971785,5,0,0,0,0.8412,148589,16.8249
2024,Kentucky,South,19,20,8,0.5263157894736843,42.1,0.476,4572424,4.9,1,1,0,0.4155,224049,8.4803
2024,Louisiana,South,9,11,5,0.8888888888888888,55.6,0.495,4707511,4.8,1,1,0,0.1912,225961,3.983
2024,Maine,Northeast,15,16,6,0.4,40,0.457,1375958,5.8,1,1,0,1.0901,79806,18.7956
2024,Maryland,South,60,63,28,0.6666666666666667,46.7,0.461,6338693,6.2,2,1,1,0.9466,392999,15.2672
2024,Massachusetts,Northeast,96,98,44,0.6458333333333333,45.8,0.483,7222832,6.8,1,1,0,1.3291,491153,19.5458
2024,Michigan,Midwest,68,73,30,0.5588235294117647,44.1,0.461,10154807,5.6,0,0,0,0.6696,568669,11.9577
2024,Minnesota,Midwest,66,71,26,0.5303030303030303,39.4,0.453,5867522,5.7,2,1,1,1.1248,334449,19.734
2024,Missouri,Midwest,43,43,19,0.4651162790697675,44.2,0.473,6221307,5.2,0,0,0,0.6912,323508,13.2918
2024,Montana,West,3,3,3,1.3333333333333333,100,0.453,1122149,5.1,0,0,0,0.2673,57230,5.242
2024,Nebraska,Midwest,11,11,6,0.5454545454545454,54.5,0.452,2015569,4.8,1,1,0,0.5458,96747,11.3699
2024,Nevada,West,17,17,9,0.6470588235294118,52.9,0.46,3266239,6.2,1,1,0,0.5205,202507,8.3948
2024,New Hampshire,Northeast,7,7,1,0.28571428571428575,14.3,0.437,1401953,5.5,2,1,1,0.4993,77107,9.0783
2024,New Jersey,Northeast,199,196,19,0.11557788944723628,9.5,0.473,9487834,6,2,1,1,2.0974,569270,34.9571
2024,New Mexico,West,11,11,4,0.4545454545454545,36.4,0.477,2140859,6.3,2,1,1,0.5138,134874,8.1558
2024,New York,Northeast,132,141,77,0.8257575757575758,58.3,0.498,20530508,6.6,2,1,1,0.6429,1355014,9.7416
2024,North Carolina,South,42,43,18,0.5,42.9,0.473,10800950,5.4,1,1,0,0.3889,583251,7.201
2024,North Dakota,Midwest,2,2,1,0.5,50,0.44,821695,4,0,0,0,0.2434,32868,6.0849
2024,Ohio,Midwest,85,90,30,0.48235294117647054,35.3,0.467,11904626,5.3,0,0,0,0.714,630945,13.4719
2024,Oklahoma,South,16,16,5,0.3125,31.2,0.475,4042554,4.8,0,0,0,0.3958,194043,8.2456
2024,Oregon,West,99,105,52,0.7474747474747475,52.5,0.464,4399729,6.7,1,1,0,2.2501,294782,33.5841
2024,Pennsylvania,Northeast,45,43,17,0.5333333333333334,37.8,0.472,13122828,5.5,1,1,0,0.3429,721756,6.2348
2024,Rhode Island,Northeast,6,6,3,0.6666666666666667,50,0.461,1115304,6.5,1,1,0,0.538,72495,8.2764
2024,South Carolina,South,16,17,10,0.8125,62.5,0.475,5315649,4.9,0,0,0,0.301,260467,6.1428
2024,South Dakota,Midwest,4,4,1,0.25,25,0.447,915662,4.3,0,0,0,0.4368,39373,10.1592
2024,Tennessee,South,18,20,6,0.3888888888888889,33.3,0.478,7136734,4.9,0,0,0,0.2522,349700,5.1473
2024,Texas,South,111,113,60,0.6936936936936937,54.1,0.488,30745483,5.6,1,1,0,0.361,1721747,6.4469
2024,Utah,West,34,38,10,0.4411764705882353,29.4,0.425,3474708,5,0,0,0,0.9785,173735,19.57
2024,Vermont,Northeast,8,9,1,0.25,12.5,0.442,650011,7.2,1,1,0,1.2307,46801,17.0937
2024,Virginia,South,46,47,13,0.3695652173913044,28.3,0.469,8883541,5.9,2,1,1,0.5178,524129,8.7765
2024,Washington,West,145,162,37,0.35862068965517246,25.5,0.461,8097577,6.5,1,1,0,1.7907,526343,27.5486
2024,West Virginia,South,12,12,6,0.5833333333333333,50,0.465,1770005,4.3,0,0,0,0.678,76110,15.7667
2024,Wisconsin,Midwest,29,30,7,0.3103448275862069,24.1,0.447,5976411,5.3,1,1,0,0.4852,316750,9.1555
2024,Wyoming,West,7,8,0,0,0,0.443,582141,4.4,0,0,0,1.2025,25614,27.3288
